id,username,email,password,location
1,Rudy_Cummings8,Meda39@yahoo.com,5NmJJMZfpTklINS,42717-0475
2,Evie.Harber5,Nathanial.Batz@yahoo.com,0SvMlxFCSJBDt30,73862-1401
3,Meredith31,Shany.Dietrich84@yahoo.com,51blEsKkd6hSQgM,38223-6899
4,Gerald.Heller,Alfreda18@gmail.com,yy5PnkYwEX90Pih,37348-0556
5,Anissa.Schimmel,Jermain.Rippin@gmail.com,tyPXX46ymN5dV8K,07563
6,Delphine31,Jennifer.OConner@hotmail.com,ycj0uLUeO1ogsAr,13314
7,Kacie65,Kristina.Pfannerstill@yahoo.com,R9ukX7ffhxM6gR0,96405
8,Joel.OHara3,Lavonne40@yahoo.com,DMBXQsc4AAE5bj4,77532-4193
9,Ernestina_Muller,Elsa.Treutel@yahoo.com,v7vfGyon8JjJDys,08494
10,Dameon.OHara,Eleanora_Kuhic@gmail.com,RKPrIlywkpYQCFt,74355
11,Sydnie.Ullrich60,Emmy37@hotmail.com,n_1LEnn3RZE_EUu,19979-7212
12,Kali49,Bennie11@gmail.com,uzkKuStnSGbDYJl,70451-6353
13,Vida_Kertzmann,Benton.White@yahoo.com,BcK28xCf6OUVfgr,73694
14,Ariel.Wunsch83,Rowena_Ebert10@yahoo.com,9xKaQhZvf1UuPnt,53510
15,Rocio_Haag,Orland.Macejkovic@yahoo.com,5eNKIiM_Sd34u4E,19672
16,Jazmin.Hagenes,Brent.Christiansen@hotmail.com,nPIBGT4zaiH3G5V,14691-3195
17,Clarabelle.Cremin,Annabelle70@yahoo.com,OWnXJ6iy79gOYBK,98355
18,Friedrich_Stroman98,Martina74@yahoo.com,DJ2RH21je5dVjmU,53618
19,Alicia_Pfannerstill,Jewel83@yahoo.com,NqndmP5RCnMdhP3,22040
20,Peggie.Bosco,Foster.Kovacek@hotmail.com,spWV9B4kqSbVyU9,43286-3850
21,Marcella.Hyatt,Rusty.Streich67@yahoo.com,LeM5TbdPg4Tr33Z,91998
22,Marilyne53,Bridget_Rolfson@yahoo.com,TYgUXXiJDmkd6wA,80475-5449
23,Tamara_Toy,Libby5@yahoo.com,P0HCKs4F51xOn8S,25966-2075
24,Art_Fisher53,Araceli_Gibson@gmail.com,VHmVeJ8mZ_qJJr9,29585
25,Peter_Anderson21,Mariah12@hotmail.com,5Q_7KTwa7lrzgWK,17580-2306
26,Clinton_Hackett70,Hilario_Greenfelder2@yahoo.com,0KTkTw8yK6pI8Sn,00782
27,Dagmar.Green78,Myles31@gmail.com,Hv3xQ8P7gKGrM6Z,32084-9903
28,Lolita_Crona90,Fleta.Hirthe26@hotmail.com,V6fDlmQgsaggO4k,51328-4742
29,Cicero_McClure,Jasen24@gmail.com,tu9IEgearMndD3F,80825-4816
30,Gunner.Rippin,Amira21@gmail.com,WK6Tn3eaT_aiQo9,00915
31,Mackenzie.McGlynn13,Abdul.Buckridge98@gmail.com,rAG5fUu6ErDC54i,80316
32,Brooke.Franecki,Lamont84@gmail.com,jPeAXQfDBNSLBZn,99914-9379
33,Peyton_Buckridge,Augusta_Kuhic@gmail.com,AFaT9xHdaisxxY2,70095
34,Earlene47,Erick_Ullrich15@hotmail.com,Mq3Dmgmlz4QpdIB,44459-6218
35,Natasha10,Veda53@gmail.com,UP9QmIpDIyLrIY8,37475
36,Guy.Conroy,Aylin.Purdy@gmail.com,rZz7ztzVSPvcBEI,54859
37,Adele_Shanahan77,Brenna79@gmail.com,yFqpHnhFcYimhLt,30991
38,Reba13,Ernest.Swift@yahoo.com,IKMyxJUbyLRDoSU,42900-0414
39,Jaren.Konopelski,Cooper83@hotmail.com,4M5fKsda0FBHIoB,64859-7574
40,Eloisa.Littel65,Afton_Kuhn@gmail.com,DFsWDIxJDO2ywvD,97523-0336
41,Lon61,Elissa.Bosco@gmail.com,ZQ81ze_yg0m5nVy,45277
42,Dayne42,Arnaldo_Kerluke10@yahoo.com,ApWoQwjyR9nqysU,12526-6550
43,Vernie_Gaylord,Ola88@gmail.com,apehhU8PQiXKnZR,24892-3608
44,Rachael5,Madeline16@hotmail.com,TidWEDe2t_igi5o,92484-8374
45,Odell10,Keshawn64@hotmail.com,GCqe7qJifcaLuoM,40313
46,Gino1,Anita_Harber8@hotmail.com,8OeJzSPtQxFa3EF,28653
47,Kevon1,Everardo_Wuckert54@hotmail.com,8b75uDOhlhshcTm,20308-2420
48,Elody36,Fredrick.Sawayn@gmail.com,2Lqx3CDfi1vnHgu,17757-0383
49,Else23,Kaley.Lebsack24@hotmail.com,i6Kq3wUWjdiUvvf,70249-4583
50,Gussie1,Keyshawn54@gmail.com,LHKfF4kemdE68rT,04218-6174
51,Lorine.Runolfsson24,Lelah95@gmail.com,yPpSgeVh45uD9FE,67904
52,Beatrice.Welch,Rogers_Beatty23@yahoo.com,zImn78FHpS9DQqG,97889
53,Ophelia_Predovic,Lillie_Dietrich23@gmail.com,GOiZeNm1VERqU2x,84615
54,Haylee21,Cleta.Abbott70@gmail.com,YENfRJYaYZgb8jr,28851
55,Dock_Fahey37,Isadore_Koepp35@hotmail.com,zRKljKMnzL_asnH,71518
56,Shaniya99,Mariano87@hotmail.com,1z2R7CLnDAVJKIx,75867-2131
57,Jameson.Lockman,Johnathon.Denesik@gmail.com,kW4jbOlaOGuuHn7,44665
58,August.Fisher,Fletcher.Kuvalis@gmail.com,9MaImufiVgjs3t_,84123
59,Cristian_Casper,Myriam_Thompson@hotmail.com,pgRsZIcKoilkiwy,68229
60,Nicola_Durgan36,Adriel_Ritchie@hotmail.com,cI7Fr83gFbvgEX9,00823-2519
61,Marcelo45,Peter.Bahringer@gmail.com,O27mgTbDL1pjmep,14953
62,Alfred.Grant61,Lea_Predovic63@hotmail.com,bzI802tqi4leh7h,64473-0693
63,Serena_McClure2,Judson90@yahoo.com,a0t0t2zN7czxpif,14088
64,Willow_Kuphal87,Katrina.Sipes@gmail.com,0yqy5XwLpicOzoS,81571
65,Orlando_Beatty90,Alisha.Hintz@gmail.com,aXLUx6xzfmQnsvG,69265
66,Deshaun_Renner21,Jefferey12@yahoo.com,eBh2N_kyR9sN4fE,48903
67,Albert.Kulas31,Wilber.Dach57@gmail.com,CWkAOG4t_8ZhO8c,46932-3928
68,Ken.Koch37,Kirstin.Rosenbaum@yahoo.com,fBD9v0i0c44m0Dh,23195
69,Roselyn_McGlynn72,Aurelie25@gmail.com,PV_mU1UMvcfTmcN,57720-2065
70,Jefferey_Waters,Carmelo.Heller@yahoo.com,GrwOnkKSww_6_jy,07949-0158
71,Jocelyn.Emard23,Enrico73@hotmail.com,XQeU6hqTLe4BbD9,99516-9566
72,Edmund.McKenzie,Chelsea48@hotmail.com,K3zEKQgn423CYnh,34690-8628
73,Blanca22,Arthur.Hessel@hotmail.com,I72MRdRM8PS1IvK,05530
74,Margot.Anderson49,Tyrique8@yahoo.com,5s3We1G2Hh27eUt,13162-0379
75,Marcelo42,Ludwig_Rath@gmail.com,YninBXX3pEHj1Iv,18263
76,Asia.Schowalter,Rick.Gerlach@gmail.com,v5s9IR_7GIYB0Hl,90532-1864
77,Tabitha.Johnson,Stacey.Cremin@gmail.com,6U4ZD3EYCifLSqT,63254-1581
78,Elisabeth_Doyle,Alfonso_White@yahoo.com,NJCMksYGVHhnWDP,20993
79,Horace_Corkery,Aglae60@hotmail.com,6Cb7EHIWUdHI82G,80321-3600
80,Donald_Dach74,Addison32@yahoo.com,hqzhDKzRA4SIB6R,62893
81,Lauriane24,Joanny96@hotmail.com,DxiOQosi53LiEv6,04523
82,Bradford11,Larry_Friesen@gmail.com,A4ooMn7m82yvl2K,15404-5831
83,Jan.Reinger9,Ottis6@yahoo.com,rlSQF5m0B9JJ9eh,28804-3190
84,Providenci_Armstrong69,Sanford93@yahoo.com,vrzRmQ85sKWxBOD,43175-9355
85,Maud_Ebert,Alfred_Kertzmann@hotmail.com,n_uTGQHXAVyQh4S,52644
86,Felipa_Welch,Patsy.Lemke@hotmail.com,Wdrio9BZyFXzDua,50474
87,Jakayla1,Gina_Dietrich@gmail.com,9w2FJfkC3SMVMLR,62982
88,Marge32,Shanie_Koelpin4@gmail.com,AhvfRCIYHW2KMSN,86835-9063
89,Kattie_Jacobson,Sylvan66@hotmail.com,uk8DP_65o3tizDo,13089-0364
90,Athena36,Jazmin_White68@yahoo.com,SK7wRbuf2SAiU_8,37579
91,Reynold_Haag12,Una41@yahoo.com,aBmLhH0uSr_Dqak,64302-9152
92,Charles4,Christopher.Trantow@gmail.com,pCqaZjYHVYG7CKv,39591-5404
93,Kylee_Pagac,Christophe69@gmail.com,NNTh9Vw1oKWjAMB,95679
94,Ella_Glover88,Olaf67@hotmail.com,pWbqhWB7rT_PV0p,33360
95,Skyla.Schmitt,Devan.Bernhard@gmail.com,Vicrm8dQKYJLCtJ,16252
96,Curtis.Wilderman,Frances97@gmail.com,3MhNEbR5cSJMVXn,52187-2452
97,Victoria.Stehr,Mozell_Hahn@gmail.com,RF4qTGWszNghx9W,04839-9657
98,Guiseppe.Abernathy,Ernestine.Crist@gmail.com,oDF0vdPGTDmwdw3,95988
99,Felicia43,Buford41@hotmail.com,RswSCR3dK5THopr,51662-5449
100,Mac_Fadel92,Llewellyn51@gmail.com,YKmZ0QQXhPbglIa,91242
101,Edyth_McLaughlin91,Karson_Rodriguez@hotmail.com,siaAa1ovGYjnck4,78914
102,Linda35,Major_Upton54@yahoo.com,BklMqJCGCmgZknY,59513-6749
103,Abigayle45,Cleve.Kilback69@hotmail.com,HJBd8xgfSRSe4Kv,45908
104,Sandrine_Nienow75,Leora_Medhurst65@gmail.com,C5q043LMqyOtCd6,40235
105,Keanu_Barrows66,Elijah.Mosciski88@yahoo.com,67_mJVXHnztSLjb,47000
106,Genesis65,Mafalda_Rutherford14@gmail.com,3EfNgLjBC7Lf5XA,03269-3514
107,Marco59,Ike_Langworth61@gmail.com,8L1YaOhSFjYYT0t,25516
108,Dolores.Kreiger26,Celestine_Lebsack@yahoo.com,xtsj6N59UfKXfCO,80377
109,Emilia_Beier8,Melisa44@yahoo.com,R02aP1AbJE7eLAD,21855-0408
110,Destinee_Lockman43,Felipe_Rau@gmail.com,67gtsZBTwse6M9v,37146
111,Jannie_Jenkins79,Stanton26@gmail.com,_Sltjg9y4_yEAUC,59731
112,Janae_Will,Deontae.Hermiston@hotmail.com,fqDoVPNQlGUYo3T,60088-5196
113,Adrien_Hauck,Birdie.Simonis38@gmail.com,nF6AA_4FMiOxhCp,32028-8655
114,Clovis87,Virgie_Kunde43@hotmail.com,J5QD6bjOf4p9eYN,28749
115,Carlee.Sporer,Carlo.Rau@hotmail.com,a0EU3LW4GZ7BQhg,61253
116,Jason_Franecki,Tamia73@yahoo.com,EMgHBLq0_QgcRRk,59118-8119
117,Andres_Upton33,Pearline49@hotmail.com,drAmA4EBzyL2dja,26367
118,Fern_Kuvalis23,Meaghan1@yahoo.com,YsYXXJoTfkOvTfq,17066-9848
119,Denis.Bode36,Rosalinda_Rowe23@yahoo.com,5Bj469D32Zo6ads,78880-7423
120,Rowan76,Lori_Hagenes@gmail.com,5MOsx1PO3YcLtnu,23165-9038
121,Joel72,Kellen38@gmail.com,2OCqqbhUaOdQZD8,47704
122,Izaiah_Hettinger88,Bailey85@hotmail.com,5085Rf13_b9NOTE,57663
123,Elbert.Harber,Verdie.Beier@gmail.com,scOsJcwUI7axgOw,74133
124,Lexus_Williamson,Zella11@gmail.com,gp1LkuGeTQGyzoV,03994
125,Mustafa_Greenholt,Travis_Hyatt@hotmail.com,WhBjdVAXpkMiqpD,50292
126,Tatum.Toy47,Jordi_Hamill@yahoo.com,IuGvauo2fTvdNFe,10775-8531
127,Nicolette_Champlin82,America.OConner@gmail.com,_RWfBsiKeAvx9MP,20643-7556
128,Deven_Rempel,Laurel_Stroman34@hotmail.com,3YBD2E30i1l8BWX,63233-3434
129,Gretchen_Wisozk94,Rylan4@gmail.com,xXxWmOzXq950NTk,42049-3566
130,Ernesto_Schuppe89,Otis_Pfeffer@hotmail.com,vSQs3H2dw4b5i91,46823
131,Eduardo.Swift,Dagmar.Shields71@yahoo.com,YI0j8UfjQHSaITF,21319-2900
132,Stewart42,Chelsey_Kihn@hotmail.com,o7REKd5hCzm0UWs,35579-9151
133,Zachary76,Coby.Little26@hotmail.com,py1difLFwz2_30a,86180
134,Eva.Jerde0,Ferne22@yahoo.com,Oc29JCoW3CWILXz,18966
135,Kristina.Botsford,Yvonne41@gmail.com,UKekZUkuvuLuJG5,80824-5559
136,Florine_Kshlerin25,Jocelyn.Howe76@hotmail.com,tA8TL4y6WcZn7wj,21448
137,Vergie_Flatley71,Oscar.Hudson@hotmail.com,9zmk37Rlz60rNzB,35497
138,Mohammad_Jacobson,Cathryn.Hilll@hotmail.com,LjlfKEgOm2AZbPK,96419-4064
139,Julien.Wiza,Ubaldo_Reynolds@hotmail.com,doMAY8ngWaH5Hjv,73947
140,Alf_Donnelly87,Carleton.Orn64@gmail.com,NbwlYe0Hg4ZCaPo,78522-0039
141,Bill_Schmidt,Tony.Crist@hotmail.com,DdnpvC8O4WzSQ9i,61517
142,Ludwig31,Jed_Walter@yahoo.com,bo9OLye3GqwOvO8,59980
143,Trudie_Langworth3,Makenna24@hotmail.com,ewQMc0w6jSkR9It,41845
144,Karley66,Destiney.Considine@hotmail.com,Xyr7ol13vzhs9Lk,60315
145,Joey.Crona,Ron.Cole39@gmail.com,irjvu2p7jdlIOlD,62293-6209
146,Ewald.Kling,Aracely36@gmail.com,1cBIXDIMbzAoohp,82589-1389
147,Sierra51,Raymond0@yahoo.com,4yCcMCaDxh1HU8V,67234
148,Liliana.Klocko97,Eleonore.Spinka@gmail.com,DeBCqBLpY7zMvOv,86590-5813
149,Roberta57,Jermey.Aufderhar@yahoo.com,xBF0zmYjf9gk3A3,51424-1215
150,Verdie_Botsford69,Jarrod7@gmail.com,pIEAwSu_MTFGeuZ,32176
151,Elsa.Crona29,Jasmin.Stokes92@gmail.com,hhWkL3HPav5tc7L,74191-9581
152,Augusta.Kemmer26,Bell51@hotmail.com,4l2HhgxZrFkr9_g,39452
153,Rex50,Cheyenne_Cummerata66@yahoo.com,N083l0S1bIY8iMD,69517-2904
154,Monique_Stiedemann,Ruthe71@yahoo.com,pGlS6DDZT5l6mYW,61503-3625
155,Leora.Pacocha,Valerie.Shanahan@hotmail.com,tnJ9I4pC8CenGXL,20687-4261
156,Chelsey.Cole,Telly.Mayer99@hotmail.com,iqXvtiWVF5UP9Oq,39224
157,Kyleigh_Nitzsche94,Gerardo.Kuphal@hotmail.com,H_4GgbCPJCIStkA,66886-4090
158,Sabrina_Kub,Jamil.Bartoletti@gmail.com,6PHAdc_ltcsqj8U,04085
159,Helena_Metz,Lexie.Gorczany93@yahoo.com,o2ccSMgtTuxK5_p,38451
160,Eden43,Cruz.Stanton33@yahoo.com,U0mT8s0_QiyT8Mq,61534
161,Maxie_Hegmann3,Mekhi.Berge41@gmail.com,UMn277E3zVYymG8,26755
162,Pinkie34,Thea16@hotmail.com,opES8wGPC0OsEXr,28039
163,Luther8,Heloise_Bins31@gmail.com,8vXRBoC23tpFxnx,88723-1106
164,Raven19,Ted83@gmail.com,_0FQEEIM2olT0xF,84092
165,Emilia_Shanahan,Adele94@hotmail.com,K_O9JwgiqJ2GUpi,15580
166,Mittie50,Janie99@gmail.com,3UVjGCprYaof_g_,85518-7490
167,Edgardo8,Aiyana.Spinka99@gmail.com,fVz0Ccc7OllCTBO,22299
168,Kian43,Alexys_Marquardt@gmail.com,eQFxUYEsBHT3Flj,36847
169,Rachelle8,Maureen.Stark@yahoo.com,9KtXeUaZEnce8bs,53119-2452
170,Haskell_Pollich42,Jailyn70@hotmail.com,NDdX37ERVyFHl88,31443-9106
171,Sammie48,Kristian_Gerlach@yahoo.com,EEngqaxkbWn6SRp,67710-2187
172,Dewitt.Zboncak10,Ora33@yahoo.com,OlhOVGXBCdObTDx,06327-0918
173,Cooper.Nienow31,Scottie.Nicolas3@hotmail.com,SGVdZ1ujmsjdq7L,51231-7061
174,Charity43,Courtney92@gmail.com,0AtAgB_bsNsL_4a,86591-8238
175,Warren10,Megane.Renner@gmail.com,upmojKCRVrTdjM2,38544
176,Ryan_Schowalter,Otho38@yahoo.com,eR4rl4dRtXiOTMT,84763-6162
177,Kiara.Swift69,Domenick.Towne@yahoo.com,INUsdRnX8i1XBrq,45407
178,Arthur_Upton82,Alverta97@gmail.com,YyyC73r5uGN1q1U,51606-1150
179,Kendall_Pollich,Kenyatta43@yahoo.com,5p7CKr1XliOuZbM,88989
180,Lucy_Ondricka,Deion64@gmail.com,ECgtTSP01N9cQkl,26540-5308
181,Donny.Prosacco,Alva84@yahoo.com,mqVISFQ73kYjHLm,14048
182,Kyleigh85,Belle_Zieme21@hotmail.com,sPGsTqKXi7ODFK4,58843-6293
183,Skylar_Hintz33,Bonita.Vandervort@hotmail.com,n5CLfSUgBURxywx,44239-2978
184,Francisca_Bosco26,Amani.Little75@hotmail.com,AkTkKPvlQ3cTQFT,00863
185,Max_Sauer,Adelbert.Bogisich@gmail.com,d07U1DGFAtRfAhK,75782-9805
186,Sydnee.Borer78,Agustina_Waelchi@hotmail.com,LootkBO8uD7fNGh,85919-1315
187,Elliot25,Joseph_Kunde35@gmail.com,RvesaDgAP8VYD0y,59602
188,Serenity_Moore28,Sven56@gmail.com,4zcGIOPzlTXwnlu,98902
189,Erick.Hermann15,Eleanora_Price@gmail.com,oUmT6i8iOtoVw23,20225
190,Angelita.Bartell48,Alexandria72@gmail.com,DHTaRiXK5HHtw6o,08514-8790
191,Kris44,Jayda81@hotmail.com,mKFDlJlWU7kPPjD,84228
192,Maximilian_Berge91,Alvina.Douglas38@yahoo.com,gGrh9bNBqfNuwLm,73304-0175
193,Juliet.Moen33,Destany89@hotmail.com,cfl3TSIffbh1mIT,19433-2861
194,Jaydon_Stroman,Hoyt.Champlin48@gmail.com,Mg6ds_AAWqXVQB0,79746-7331
195,Margarita.Effertz39,Solon_Kautzer@hotmail.com,pwpl9QM34TvWuBI,36101-9956
196,Braden22,Jules25@yahoo.com,pKlOeLa17gtfJA1,93962-5315
197,Madison.Gleason,Wilfrid12@hotmail.com,aJRY6l9rRDd7okF,84189
198,Alberta_Wisozk,Laurel45@yahoo.com,FcxI4hcJVEloHa5,36966-0383
199,Zetta72,Eugenia.Wintheiser94@gmail.com,7O7l_9pTmcB2w5v,20796-0103
200,Claude4,Ally_MacGyver15@hotmail.com,qC0SKcZIypPg_qj,85100
201,Iliana_Hills96,Zetta.Ziemann73@hotmail.com,ODce0Hb1lQ7AE6O,05150
202,Allen21,Cali0@yahoo.com,UNcE3jLa2ry2i1Q,44158
203,Cicero85,Clementine.Reichel34@yahoo.com,ZwZbaiLQ9iaPk3U,04126-3669
204,Emmalee.Zieme,Jerald_Jones99@gmail.com,L5LBd43u6N8ccia,03031-4023
205,Lilyan55,Zelma.Gibson@gmail.com,AC8bbeP6blTjyZq,82915-5490
206,Angelita_Yost74,Ashlynn.Hessel@hotmail.com,D3rLgbI21_usgoa,30340-0334
207,Cristobal.Barton,Stephania.Kuhlman@yahoo.com,SnwPqh9r0SfWx6_,55190
208,Fletcher_Bednar,Elsa.Kirlin24@hotmail.com,Z3RpkooK94yqrKP,14614
209,Travon_Bartoletti89,Rosina15@gmail.com,NXBjFns7sHzwLxW,25413-5397
210,Foster59,Ambrose.Heaney64@yahoo.com,lWdicNSTbeXbOJa,89610
211,Leola14,Marielle16@hotmail.com,dKxrM4M1IBqwKrg,73518
212,Angus_Bailey34,Fausto_Corwin60@gmail.com,F2O9WA4HOzqrpMC,68792-7237
213,Jalen60,Nikita_Beier@yahoo.com,6oBo0XihlcDLd_A,98611-3896
214,Annalise.Shanahan,Litzy.Boyle64@yahoo.com,UfwaFJi0R7vlOCj,22030
215,Judy93,Jasen_Bayer95@yahoo.com,9QZhfJtK7fg_MJs,98071
216,Reinhold.Mosciski,Eulalia49@yahoo.com,2G9javop1oR8ONV,74167
217,Rudolph23,Ashlynn46@hotmail.com,lY93m19rfYKKs7p,44876
218,Eda_Wolff22,Manuela.Parker@gmail.com,wK8cO0Ni69jY2HV,43880-5690
219,Miguel_Schimmel5,Kenna.Keeling94@yahoo.com,Si4q6QQ8v1abwso,51794
220,Sierra_Windler74,Kaleigh64@yahoo.com,Ua2hKbX6HDWxexA,72714-7268
221,Augusta59,Electa37@hotmail.com,GsbB9BDY8iDBRx9,01182-7036
222,Adeline40,Lucio_Kautzer@yahoo.com,bji2phVuanAWEpY,71765-3107
223,Candelario.Volkman,Tillman_Zemlak30@yahoo.com,cwSApn01XQRmGvq,54173-4351
224,Baylee6,Alfonzo.Dooley@yahoo.com,kUeq8lKFCz10vmX,37117-6106
225,Theron53,Khalil_Fisher@yahoo.com,06QQGQ8FHvxgQZ4,77221
226,Berta2,Kiera_Considine6@gmail.com,c41ZPHbO6kXcma9,53498-8360
227,Kathryne45,Tamara_Ryan65@yahoo.com,kwMCp_fdz21qJAG,33068
228,Harry_Johnston48,Belle.Cronin19@yahoo.com,0JlzsWPuQZbXikb,70606-2308
229,Palma_Schuster,Manley_Wolff@yahoo.com,TTTcfXHEO1bVW1q,43825-4273
230,Ollie.Dickinson18,Helmer.Moore@hotmail.com,Re33Z7PIsJ2Qm56,61668
231,Gunner31,Tomas.Nienow@gmail.com,gcVdHgZg0nexq6w,30492
232,Javier28,Electa_Osinski75@yahoo.com,IW_g3VSHo2mZSe4,40513
233,Shaylee_Cruickshank,Berneice_Fahey@yahoo.com,cdEQLaUvWUCMUfh,69313-5090
234,Magdalen_Paucek,Elliott71@yahoo.com,_JyIaxqOz52Nc3y,28974-9855
235,Crystal44,Alana_Labadie10@hotmail.com,EWsUqyUA_PeW9Ja,24705-8055
236,Arely.Smitham,Violette99@hotmail.com,iTl_mpd_I43yOoK,98975
237,Ara.Kozey,King.Gutkowski40@gmail.com,5Xqik4e3OG3Qwpp,96326-6802
238,Devon91,Raymundo_Ledner@hotmail.com,uvlVgKHAJbBxfu0,60431-2222
239,Melany_Hagenes7,Dejon_Jenkins@hotmail.com,9e5R6gGZCGmrFUx,75277
240,Ollie77,Rosario.Windler87@yahoo.com,qEQJfNZ56GjRkY6,08463
241,Bertram64,Yoshiko7@yahoo.com,jzRZbPjsj_5Uu0O,10887-2095
242,Jennyfer28,Bertrand46@hotmail.com,4fIo6Bi9V0UpRTL,40196-9424
243,Waylon59,Kaelyn_Shanahan@gmail.com,ODC864qgXeAZyq5,19168
244,Thalia_Gerlach78,Kaia_Bauch@gmail.com,dSF3wD94Av4FhoM,97084
245,Clara_Haley53,Adalberto_Wiza93@hotmail.com,81jdSAGgqXnjGlY,03091
246,Nyasia.Schoen97,Adrian.Crist@hotmail.com,JymhCHcufr7oVWT,03513
247,Tyreek46,Amira33@yahoo.com,X2OCychNohtF5tQ,50324-9994
248,Gerardo_Douglas,Joey.Stoltenberg96@hotmail.com,7hoMZUn7doDwrTE,11860
249,Earnestine54,Laron_Upton@gmail.com,UMYMsA4BpXCgtWV,33011-7210
250,Marjorie.Stark,Zachary.Roob43@gmail.com,Tr0CtNrv8HfVR9j,42856
251,Ward.Lynch49,Charles48@yahoo.com,UzSxwf55rQpMhDw,41881-2921
252,Rahul54,Ezra14@yahoo.com,B8tyzW3JDnHJsem,41972-5940
253,Nova40,Roman45@gmail.com,Cpjjj56ik9bvhHj,34869
254,Xzavier_Glover86,Laurence87@gmail.com,zHsU5B86N9oBEwJ,38600
255,Lizzie.Haley80,Braulio.Anderson78@yahoo.com,9xb0fPjty7uIuXF,91063-3158
256,Lysanne_Stiedemann,Emory.Pagac88@yahoo.com,BxLmEJgYbo98rUc,54103-8024
257,Hertha.Emard75,Icie_Corwin@gmail.com,keuPuHaC78JqEnq,12486-0544
258,Twila84,Johnathan.Hahn23@yahoo.com,FCOBYjrVdJC_1In,74478
259,Lori.Dickens,Kristofer.Paucek@yahoo.com,_L022RFjSsk4n28,41941
260,Ella.Gusikowski,Tyrese_Feil4@yahoo.com,guh4BKWbaT6827v,72298-2745
261,Madeline_Fay80,Destini39@gmail.com,bvix7isQ1f4mc8b,18130
262,Floy.Johns,Marlene_Murazik61@hotmail.com,BzjefqF7Fir4_Qu,37984
263,Loma_Bechtelar5,Alfreda_Goodwin27@yahoo.com,PO84wJIqkVyMWRL,05085-8455
264,Astrid_West,Price_Hoppe@gmail.com,MX3Mldw8gCnbty2,98069
265,Myles41,Leanna_Dickens@gmail.com,efnPmyxwOk3cnwj,62560
266,Makayla_OConner52,Brook.MacGyver@yahoo.com,x7_eofCKRIIKhOR,30660
267,Malika25,Andreanne52@hotmail.com,k91SInPybX1nz6s,49218
268,Norma_Barton,Marilyne17@hotmail.com,cvof06eElwfv54P,87302
269,Isai88,Alexie.Shanahan@hotmail.com,_DjysNQIrCDhkW6,91528
270,Belle.Cronin,Eulah.Conn36@hotmail.com,Y0AAoWWvwl1SaWI,38815-5174
271,Yvonne55,Barton53@hotmail.com,EproaCLxTVb5VcL,70483
272,Abdiel39,Renee.Baumbach79@gmail.com,6Mph2OQqK8FoGkT,87581-5770
273,Luna_Harber,Daniella37@hotmail.com,K22XCW80fjJzW_V,94404
274,Elliott21,Garrick.Mohr@yahoo.com,cn695uCWFb0v_zQ,11734
275,Eleanore_Mayert73,Judah.Hintz@yahoo.com,sRCf7lpiv9Y2JM8,04968
276,Isidro_Parker3,Madonna_Macejkovic@yahoo.com,UY5ck46xJOjNuIp,06803
277,Arden6,Jeanette76@yahoo.com,cQDlES31LK4nZBq,93325-1760
278,Reanna.Labadie,Jazmyn_Rempel90@yahoo.com,0waLfgP88lUoVW1,11453-3743
279,Matilda6,Randy_Rempel2@yahoo.com,foMt1IgVPxrtdAT,89274
280,Golden_Kub,Lia.Heathcote25@hotmail.com,rRUNw4ahm_ajPOo,13427
281,Ernestina.Halvorson72,Triston2@hotmail.com,vrTMs_K8UfUdy4h,90259
282,Lois68,Elmira_Morar@hotmail.com,a0IHyZqhY2e9flu,16346
283,Eddie.Kub,Fern.Mertz19@hotmail.com,5cvnrsiZtijBibk,15646-0141
284,Delphia.Schumm11,Stephany.Wiza85@gmail.com,ZX2pZQAslFf4Qf3,26002-1450
285,Delpha_Mills73,Camille79@yahoo.com,wUFFaraAlE94EVz,21952
286,Jamarcus14,Ewald_Renner@gmail.com,ONk0d0j39QnEhrF,47362-4641
287,Oleta.Gleichner11,Emerson68@hotmail.com,QsUyoc4EerPfYeN,90905-1886
288,Martin55,Eldridge48@yahoo.com,V5IYbICHDYWm3ps,98698-3997
289,Roger_Towne,Selina97@hotmail.com,KNBMeaD8Xp2rGcI,99303
290,Mason.Gleason,Kathryne93@gmail.com,J42sIafKyr6Hs33,38657
291,Harley_Fahey,Esta_Considine@gmail.com,ObIJ_4DkfjoJPAV,73076-5017
292,Quentin64,Gloria57@gmail.com,9Od25SzegBOM3Zv,52323-1336
293,Kay.Boyer63,Helene10@yahoo.com,IGXAxvoPMwxmzxQ,30466-7122
294,Rashad.Vandervort86,Ray_Goodwin@gmail.com,iMnZOoAdqZfFP2N,59582
295,Michael.Kautzer68,Yasmin.Runolfsdottir62@hotmail.com,ZrLG2VOc1MDTOvF,35696
296,Karen2,Dallin74@gmail.com,h3IHSxtuuzrantB,36608-9044
297,Raegan_Windler67,Ambrose.Spencer@hotmail.com,j64gJud6XiYJwm4,98428-2839
298,Clifton_Kozey,Keely3@yahoo.com,mKCySTVCojYfFga,09133
299,Jarvis_Rohan15,Marisol.Hudson10@yahoo.com,YbowUxEFsOc9dLv,14200
300,Dave_Jakubowski59,Rosendo_Lebsack@yahoo.com,h_Da0KjotVqFraE,79430
301,Clarissa.Green,Jaycee71@gmail.com,7y2fJBkSd63rZwf,39784-1906
302,Keith.OKeefe99,Deontae.Stehr21@gmail.com,RR_EuIi2uRZzksa,56890-7320
303,Dawson_Kling91,Kianna.McLaughlin80@yahoo.com,nia6iFCuvNegRjp,76481
304,Rosendo.Hyatt,Karli_Pouros73@yahoo.com,hGvne_SYzXD3Tzx,61374-1252
305,Jace.Ledner88,Summer.Bahringer@yahoo.com,fa0Y6jfCh311MMJ,93867-5139
306,Rylee.Deckow,Taurean.Corwin@hotmail.com,yD87XJ1iGM1qehm,93751-2014
307,Stacey70,Emory.Upton57@yahoo.com,Ce2V53e6yGiFRdP,65399
308,Meaghan14,Braulio30@gmail.com,STTA80OCdt5nvpf,21857-2150
309,Keon_Tremblay8,Deshawn67@hotmail.com,RoGIUIP00yUhVoC,09208-9135
310,Celia56,Reece70@gmail.com,eIPZFu72flJlaAJ,60595-2819
311,Keven_Tillman,Richard.Brekke@yahoo.com,flJpX_EYEWRLIH5,33029
312,Nicole.Johnson,Lenna.Oberbrunner39@gmail.com,KzwDfo3DaoLnN78,34924-1187
313,Florence_DAmore39,Virgie_Hilll@gmail.com,QQSo9TugLsyz4oD,34058
314,Lourdes.Flatley,Derrick.Bradtke@yahoo.com,Hb2eOb1X1U7dm8_,42161
315,Kayleigh.Durgan44,Lilla_Schneider40@yahoo.com,pE6CbqjI582yxvb,21667-4803
316,Hillary.Bergstrom82,Agnes_Hartmann66@yahoo.com,Yd9BcDYlkstqins,50926-2245
317,Alda76,Anthony_Dickinson@yahoo.com,m4KCxu6KMSxAJ7d,09500
318,Ephraim_Hilll43,Myrl74@yahoo.com,ahFuwZpBokQQINt,51428
319,Darwin_Kirlin,Maxime.Hyatt60@yahoo.com,uMYgtrhr7xasS2K,30026
320,Jaqueline64,Karlie_Beahan@yahoo.com,xsjxI0H5s8OqVha,09262-4399
321,Tiana_Collins,Ozella.Schuppe94@yahoo.com,sVt_P7SswFP7Tfw,33488-5947
322,Camilla75,Audie_Rogahn@hotmail.com,XeuEAAyVkUc83S2,73728-0388
323,Cortney52,Daisha.Collins@yahoo.com,zebQz25wOCL2ayT,97154-0460
324,Floy_Effertz95,Evalyn_Ankunding68@hotmail.com,mFS3GCpaNJ8IaQI,61988-1434
325,Orin.Block9,Bo.Littel0@yahoo.com,LMF6lMjvWfCBzSw,54863
326,Lempi_Herzog30,Ellie_Reinger@gmail.com,n0E439CnStW0ND0,59347
327,Veda44,Hulda_Stehr@yahoo.com,rDPxgUL9V1PCPNl,42469
328,Shanny.Upton58,Kelsie.Bauch@yahoo.com,Bomoph1kTdiyUwm,26450-6871
329,Adalberto_Parisian28,Eulah.Wisoky@gmail.com,WO8z1EXKvrco72c,37991-4726
330,Lemuel.Kiehn,Clarabelle65@yahoo.com,bwFitNfBh32Pvte,45025-0512
331,Alisa24,Kay57@hotmail.com,ujHvEc2YqoJegpa,15085-4336
332,Buck39,Eudora.Corkery@yahoo.com,FEHxerNeEohTHpl,75158-5794
333,Demarco.Ledner75,Emmanuelle_Friesen@hotmail.com,UwWPNWHTO0PA3rV,88194
334,Elizabeth.Heller,Kathleen.OKon@yahoo.com,UwN_3mgeeqlw1b9,63051-9501
335,Ima.Nicolas35,Reginald51@yahoo.com,lzW2_mrPzVnKDu0,08059-3820
336,Lionel41,Hunter71@gmail.com,AsIDTlFlPZpBcF0,13215
337,Blaze80,Palma56@hotmail.com,tsAQk_kO83F0vUK,21238
338,Era.Towne33,Ellen_Bradtke14@hotmail.com,vkgASqC6FFJEtLg,36114-3090
339,Wallace_Renner,Laney.McKenzie91@hotmail.com,VlAyA8bwwWjwiiu,47738-9479
340,Tyree_Wyman34,Jamar_Stark90@gmail.com,CjNkba7rwrzH9L0,46244
341,Alessandra.Konopelski,Alberto.Leffler70@yahoo.com,KPdux7ACBp8Bcxk,25327
342,Damaris.Schaefer,Dayna62@gmail.com,gAndzzXTDoR_E_9,72106
343,Osborne13,Margaretta_Botsford32@gmail.com,IihSybgR1kp_aPD,10275
344,Kurtis.Reichert98,Richard.Thompson54@yahoo.com,Ic7G7ap3I8SBzRg,10515-6609
345,Jordan.Altenwerth,Guillermo_Lemke17@yahoo.com,hAhKw3_M7ciwEuP,91574
346,Leda71,Jon_Nolan@hotmail.com,GQ9BW1tde_Y1G0O,75337
347,Xavier_Morar89,Jasen.Feest@yahoo.com,PoI22ZNUMiZvwS9,38167-7770
348,Dale67,Kian.Cummings@hotmail.com,eirvALpZ5aOJKrQ,81815
349,Richmond_Harvey,Daniela2@yahoo.com,WmqiS8YpWDm1pdA,72714
350,Jimmie_Leuschke85,Leif47@gmail.com,yxW_JoCeFYkl7V6,46471-4245
351,Aracely_Schultz,Anabelle_Steuber@hotmail.com,CzSCRPASaytZ3Sb,19888
352,Arvel_Cruickshank27,Elaina58@hotmail.com,uNlXIBFII26vjMn,27648-5013
353,Elisa51,Osbaldo.Dooley41@yahoo.com,Da2wLafgutseIab,98570-1072
354,Jeromy_Fahey49,Alexandro98@yahoo.com,mXdV655OiVECZdJ,64280-9869
355,Zoila.King,Keshawn.Kozey@hotmail.com,nSSPglGTyucM62o,73833
356,Enid12,Josh50@gmail.com,EwY6XjRkUB5DYV5,12111
357,Bryon_Greenfelder,Tina67@yahoo.com,Ngsglt7eL3CvNpq,01980-1782
358,Ramona.Prosacco13,Roderick_Ritchie@gmail.com,knqrqhcSWgipERu,26069
359,Yesenia.Wolff45,Alfonzo.Hodkiewicz@hotmail.com,OaKYevjB7jlHBSa,83507
360,Tommie58,Nichole_OKon@yahoo.com,WK5mYO85LF_HXht,40683-0272
361,Antwon48,Elfrieda.Koch@hotmail.com,9mj2mjt21uGZhmN,47030-0864
362,Viva.Fisher,Kailee94@gmail.com,ruAt6Thzf2brxmv,30251
363,Tatyana.Gorczany,Logan.Waters@yahoo.com,V0XQPnhredyofXk,67948-9922
364,Gerardo10,Ollie2@yahoo.com,y5DbGwrz3PjedZI,01491-8251
365,Arjun.Kuhic,Sasha_Runolfsson47@gmail.com,EaKzbj8ZzwvKUqv,51651-9493
366,Daniela.Jerde75,Aditya.Funk@hotmail.com,2_WcswOFCsinA5K,29391
367,Conner.Gaylord44,Reed34@hotmail.com,mQhzNVBlNiBAeMx,98457
368,Foster.Mann,Gino.VonRueden5@yahoo.com,3u5Qnxa2mhxILH4,24928
369,Erin_Boyer,Jan.Rath@gmail.com,4A7x90R4Gp2MuNY,68826
370,Eldora_Schimmel,Jackson_Kirlin53@hotmail.com,KyKYEFmW9Qdu6Cj,70556-5960
371,Jonathan.Larkin69,Brendan.Ebert7@yahoo.com,dq9VBN1dZ7yXLAb,19245
372,Maurine_Ullrich95,Bernice16@yahoo.com,5wwN_vQ2bRU3ebJ,36072
373,Celine.Torphy3,Jailyn_Smitham90@gmail.com,qVVM3EZc9Kl0u2T,19257-4202
374,Halle.Cassin,Louie80@yahoo.com,G8P3oYXe4YfXbwC,90262
375,Jay.Halvorson13,Candido82@hotmail.com,Q3LgkD2crJ3RyZd,69592-2300
376,Leatha.Lynch28,Breana89@hotmail.com,eSpj6DPFMktCEhx,09043-9733
377,Aileen_Zulauf81,Alex43@yahoo.com,hVyBLsQbtfZIE6u,10303
378,Francisca_Bergstrom84,Muriel77@gmail.com,z0DMb2MnemaQO4G,33067
379,Xzavier84,Domingo_Kling23@gmail.com,8B1hXTbk2WiT9D2,67478
380,Aracely.Schinner,Doyle.Raynor@hotmail.com,lWhsrFFqvGemKyF,97045-4156
381,Shannon_Murazik,Glennie51@gmail.com,Ib_f3t8eKlmtKXR,96548-1847
382,Aurelie76,Daren_Hermiston74@yahoo.com,288vMdfix8ZSqH_,55839-3083
383,Will36,Jess_Hartmann@hotmail.com,_KrOMv1IdYvh3x3,50703
384,Mae_Lowe,Carlo.Miller@yahoo.com,cZWKnuXeaV33vL8,98608-5528
385,Dudley12,Victoria_Franecki50@yahoo.com,1NInxV6Bi3saNOH,69299-8189
386,Favian_Wyman,Tyrel71@gmail.com,7G77Cs5E0k_Fy63,95856
387,Loyce_Mertz,Kelly82@gmail.com,tuXlKM7TU2ex0a1,96494
388,Dereck_Hermann,Fausto_Lind@gmail.com,LhF4vPMoZHHuAUw,15619-0081
389,Alene_Quigley,Annetta45@hotmail.com,VmauqxNmUpzkx85,79761-6689
390,Elena_Ernser,Markus60@gmail.com,8volCyYSFQj8mYh,44901
391,Harry17,Aliyah.Wiza25@hotmail.com,_rdKaXvnBuWmL6x,32038
392,Eldora6,Laurel56@hotmail.com,08XoaPjGk1TlL4F,25311-9083
393,Clint_Jast,Burnice_Zulauf@gmail.com,1HcENR4jPo1xnkY,81631-3485
394,Earline6,Fletcher.Lebsack18@gmail.com,8il2q7EMQ6Yp0Eo,41727-9018
395,Frederique_Bogisich53,Bennie_Wunsch@yahoo.com,oOnUCO2W6Qe4hQ2,96452-0931
396,Montana_Schulist68,Rubye54@hotmail.com,Ym2fJXjlb9uaNUI,44184-6652
397,Mateo80,Cole29@hotmail.com,1oXoW9ODD2xeX6q,00831
398,Jaylen.Gerlach,Ryley80@yahoo.com,qUr9oKk0B6kKvSf,09683
399,Brian_Metz35,Tyler_Mohr@hotmail.com,IQxK7dfcGJhZAR9,74469
400,Felton42,Abdul.Crooks@hotmail.com,z6GQsKsO0aKFV5e,25793-2703
401,Casimir.Cremin,Hermann.Feeney35@yahoo.com,qf6UIefm8Ikyi0p,34144-8316
402,Al.Reynolds,Jazmyne.Davis33@yahoo.com,aj0NPNrtSraDDcE,93004-2856
403,Luisa78,Linwood86@gmail.com,HDcov_CL7JRJJxn,36560-0285
404,Bernardo73,Eulalia_Oberbrunner44@yahoo.com,peISuk2FS043PKh,69904
405,Eliza85,Tara_Daugherty@gmail.com,EyGAfqhAwBur7OM,18147
406,Domenico_Roob31,Lia28@yahoo.com,eDKqIWa9mQSvxr9,45616-7829
407,Eriberto.Bogisich6,Bethany_Hoppe54@yahoo.com,8L0yoKSZ_GWc_ip,02540
408,Larry_West,Jordy_Kohler@yahoo.com,clFXNPI7EX9zXPV,39017
409,Dakota_Upton72,Magdalena.Bergstrom32@gmail.com,8HNw9lLbwf9qprl,72470
410,Adelia_Collier61,Skylar.Bahringer@yahoo.com,Q4FbVLzUCu0uNP8,66430
411,Denis_MacGyver,Nella15@gmail.com,X4Tg6NEyDaaekSx,46835-5698
412,Willy.Nitzsche7,Kaya_Kertzmann@yahoo.com,xjRFXpS2kbFBa0C,33489
413,Jasen_Bernhard53,Eugene.Fadel87@hotmail.com,HgebE7pC5IsVuCO,47561-5901
414,Antone33,Shaun.Reinger66@hotmail.com,YPDl0L1Eef92t54,20391-4978
415,Dejon9,Edgardo_Graham98@yahoo.com,8_xJWJicKWR71hG,97775-0804
416,Barry_Pouros,Kelsie.Gerlach45@hotmail.com,50tOGkJK2d4uK29,72075-9759
417,Fannie_Smitham,Elvera.Steuber@yahoo.com,6Kw2gg5_ABn0Eff,36036-2126
418,Carlie66,Amos.Effertz@gmail.com,ocX95nJsmeoXSUX,32998
419,Gillian.Prohaska76,Oren_Jacobi@yahoo.com,rs_ZCMC_JPEqNeK,84593-5613
420,Trinity_Green69,Roslyn30@hotmail.com,sC0TTTgcehglSHb,59088
421,Emerson56,Louisa_Witting81@yahoo.com,UBsV7spyldNzHAY,46398
422,Elyssa.Predovic,Hayden_Runolfsdottir35@hotmail.com,_12KPcK9QqEx0NC,99794
423,Bruce.Langworth25,Chaya88@hotmail.com,1yzDanhdNwbzBd4,79114
424,Rosella35,Karli35@yahoo.com,0s2UqPCig9GUGer,11993-7692
425,Juvenal_Kihn92,Adolfo_Stroman@gmail.com,UBZbh1CGw5JTs55,71799
426,Bennett.Carroll16,Gilda_OKon93@hotmail.com,YisUI9fBA2yn1co,94248
427,Ocie_Boehm35,Carlotta.Jaskolski89@gmail.com,YkA__hAqhdSEkbW,13622-4705
428,Annabell93,Kenny_McCullough89@yahoo.com,TSmPAR7pq9Q3uGc,77148
429,Jaren.Erdman,Lura.Hermiston30@gmail.com,AI9gPmIpUoSC4lG,90037-3941
430,Jesus_Mayert,Reyna91@yahoo.com,7M9XtcriMV_SDtz,79457
431,Buster_Spinka57,Kennedi.Flatley@hotmail.com,zaQ3yVm90alUvc8,77918
432,Troy39,Merritt52@hotmail.com,flI8VHztSNT9r0y,93888-3571
433,Vance30,Princess3@gmail.com,LIbU45lfI8op4gE,94260
434,Hillary.Walter,Fannie.Swaniawski@hotmail.com,b6fUYZCBveIsidf,66691-7588
435,Isabell.McCullough29,Ibrahim10@hotmail.com,QD6xj30Q38bQGZ6,67256
436,Rylan_Ziemann,Randal.Graham@gmail.com,j0dpzw7F_YTixi3,57281-7888
437,Katelynn.Hand,Price.Goldner88@yahoo.com,PJTdW6nCWCc82Yq,17426
438,Rebecca_Beatty44,Isadore.Stamm@yahoo.com,kpQE8uvEac0oALy,61604-9414
439,Malcolm45,Brandy.Nicolas@hotmail.com,D3FQ9KjkRAFDYwn,05509-9955
440,Horace.Berge1,Elliot_Bayer@hotmail.com,rXyflzyxcGdJs0s,52778
441,Sammie_Thompson,Keira2@yahoo.com,zkrtk4zzWlogMDz,60054
442,Assunta_Kassulke74,Wilford_Rath30@hotmail.com,yJUp3F8XpsbodOh,29188-1643
443,Ethel.Reichel43,Nayeli15@gmail.com,swKD1dwYFp5FlIR,22905
444,Myron_Leuschke,Delphia34@gmail.com,Lv7SJ5slTPA_IUp,79883-1538
445,Joshuah53,Woodrow_Zboncak@gmail.com,ZKM3XpJmG05SlHv,77886-5838
446,Barrett3,Jaydon.Bauch42@yahoo.com,QFdazzWS2t0netp,20306
447,Zoie.Graham44,Terrill.Wintheiser39@gmail.com,_v4VGXmuchH1W_r,20658-2779
448,Dejon.Frami,Carissa_Boyle@gmail.com,uBWeWTPGrtqinKJ,42501-9537
449,Pedro_Ernser31,Ed95@gmail.com,uFMbO3_rq4y3BgD,33098
450,Kaci_Schultz,Gretchen_Toy83@yahoo.com,U8QTw153CjPyUFy,53855
451,Bettie.Bechtelar46,Unique_Dach@gmail.com,1fIvyOezYaJ5a0S,40561-4107
452,Leopoldo_Gleichner84,Hilbert57@hotmail.com,yGzHxZUqSHxX9Ab,44997
453,Cullen0,Doug0@hotmail.com,nI9Wfn9GACXfSa3,24102-6795
454,Jackie85,Nicholas.Schmeler56@gmail.com,RWSCePKyWkvcuhi,09395-2984
455,Andrew_Johnson,Torrey17@hotmail.com,8V0kkDTupp_oo5j,86588-5767
456,Matteo38,Curt_Hudson@yahoo.com,e5ssWVn74YlBUiS,42052
457,Ansley_Abshire,Sedrick_Smitham@yahoo.com,uCHSmwqDO2GzNIl,88877
458,Keshawn.Hyatt,Sonny56@yahoo.com,E1mvYN5_hEM0dfG,71531
459,Madisyn13,Jada_Legros86@hotmail.com,mTXpMhCJEx_qalT,05301
460,Nathaniel.Senger,Celestino.Spinka86@gmail.com,X435Eq2dahr7YFy,13366-6038
461,Vida_Hauck35,Arlene.Swift3@hotmail.com,yS9Bbi3704gqEEe,25757
462,Dena.Rowe19,Haylie41@hotmail.com,qxY7VW47bqmeha_,18498
463,Axel.Kihn,Mike_Hettinger55@gmail.com,S6MVN17dYlQVlH5,16339-7066
464,Conrad_Wisozk,Sophie_Prosacco@yahoo.com,lJdIuZ44tMgTabK,59202-6752
465,Mitchel.Hoppe,Verner_Mraz@gmail.com,LY9SOw3F1QN08XE,54547-2769
466,Maximilian_Cassin17,Angus_Gerlach17@yahoo.com,TyXCZeT_6d52F6j,04129-4658
467,Tianna24,Kaela_Haley@yahoo.com,qvw3YpdLVz56Z1C,49898
468,Marge.Nader30,Jordi81@gmail.com,ks0viSiz1oidsxX,38066
469,Vicente87,Javon99@hotmail.com,vifBy0wiMPpI5Uc,57126
470,Nora.Kub,Enrico.Fisher90@gmail.com,EGqWmPZ63HkpIHM,57620-0589
471,Sabrina.Roberts,Alisa.Lowe70@yahoo.com,2cAmfiaKdqWL3zi,07213-2056
472,Nyasia59,Elias38@gmail.com,aLD0eBEifGfzZ64,35141-9551
473,Ford.Nolan90,Carlos_Harvey@hotmail.com,VMvtNNc4M8hTBXs,42237
474,Julia70,Brice.Kozey50@hotmail.com,TWg13mIjPZ9NeaU,07364
475,Alexis86,Shea61@yahoo.com,CA7IJlCqgRHXQS9,70008
476,Roma.Bailey,Ruby46@yahoo.com,nlyuzrTJ5Usx7lc,30821
477,Keshaun99,Anabelle.Robel64@hotmail.com,T0kco2mOwGwnwvb,94936
478,Lisette.Schulist,Alek.Thompson@gmail.com,xc7c6SH5jWO0HzA,68866-3464
479,Bobbie.Frami,Pierce_Schoen@gmail.com,dDsMiDEKnxnXjLU,17307-0573
480,Federico71,Christine_Hauck5@yahoo.com,sFuktwpLY3Uha4k,61927-9171
481,Jason.Kub,Estelle_Pfannerstill@gmail.com,zTz_Y9lyq28WQcv,50574-6235
482,Brandy.Altenwerth,Felipe.Orn85@gmail.com,pHkGa9urYBMdXgl,59370-5377
483,Mikel_Heller,Maribel79@hotmail.com,9UqmQkjqX77XM4y,94202
484,Alessandro_Hansen,Lauren45@gmail.com,4DtntgazOKt4ubN,90806-6105
485,Thelma89,Shaina10@gmail.com,B8oFjjsjyVInLLV,92352
486,Jerald18,Lynn.Rodriguez87@yahoo.com,S0EEEXeaV8VZUv5,98736-9744
487,Bethany.Nitzsche71,Erica.McKenzie36@yahoo.com,1PKUZJxv6Xoa02h,88849
488,Randi_Hegmann,Camila59@gmail.com,F_6gfzbCotynVqg,33539
489,Irwin_Corkery,Casandra.Green36@yahoo.com,AUGVM3bglmZOz3Y,31776-5397
490,Mckayla.Parker13,Sofia54@hotmail.com,F2D4d5jarbGUfC4,11562-4185
491,Elsa.Swift,Erick43@gmail.com,o03hDru3fJGAXpL,29911
492,Elvis.VonRueden,Chaim.Schultz@yahoo.com,jUq7RsS74mbQCZH,20521-6293
493,Jonathan_Kutch,Damian_Wisozk@hotmail.com,L5wnus8QmpgXQpB,77478-6947
494,Madilyn.Bailey,Eunice6@gmail.com,U_QwH8FZaID4ySx,74570
495,Roma83,Fiona.Mosciski38@yahoo.com,D8z97L6EGcIT_Ix,30554-3193
496,Destinee70,Joy.Little@yahoo.com,Vk1w907NfIk5wnn,64725-1458
497,Peter.McCullough,Okey.Altenwerth51@hotmail.com,8lCsCVIN2L67TrL,60820
498,Jennifer.Funk10,Reyes_Wilderman@yahoo.com,ZSkhd4xC6YAJtGW,61796
499,Cecilia97,Ivory_Zieme@yahoo.com,4mYfpuSQgbISraX,85070-6316
500,Charlene58,Alexandria85@gmail.com,v5Bjy_zsWwxD3DZ,58913
501,Lou.Cormier,Cristal.Schoen@hotmail.com,iOL1p0C4bg3p6Zn,65895
502,Della95,Ralph.Ruecker92@hotmail.com,PG_n_r9ePN_j1wE,65348
503,Amara.Weber81,Lambert98@hotmail.com,q0McDYkoZqzGSeI,09115-0558
504,Sydney.Prosacco22,Adrain.Schiller@hotmail.com,ZxWB0Cwx6zfQ487,42875
505,Nigel.Hintz87,Carli.Boyle3@hotmail.com,ATN_Nn5Sn2ONqnf,06766-7609
506,Jackie_Keeling,Earnest.Bartoletti9@gmail.com,Dyx0Lswq7HKt3k2,66318
507,Caesar83,Ramiro.Gleason@hotmail.com,ZEFtCU9Eqof0dLd,30635
508,Christine.Breitenberg,Newell_Huels@gmail.com,lLNGdUSVsaYpYUc,07622-4935
509,Lexi35,Gaston_Halvorson42@gmail.com,CpgacSX4wA5U5oV,32924-2692
510,Ceasar33,Jon_Frami46@hotmail.com,0z7rw1ku79oQXcc,67000
511,Anna45,Christop.Williamson72@yahoo.com,0QRG0CZqzxuCnyS,78116-3417
512,Cleta.Lindgren,Pedro.McClure@yahoo.com,2ir0tN9egfVPJpR,57013-0006
513,Heaven.Hartmann,Kristoffer11@gmail.com,UCa8R8WPoj9YQEz,50175
514,Jake_Feil,Angeline43@gmail.com,sVU65WXU3992Udv,30713-1176
515,Amani33,Dawn_Mayert14@gmail.com,eIushSAzhQoogd3,63052
516,Ronaldo.McLaughlin,Collin_Renner@hotmail.com,ca_tTRtaqUUiZp8,50635
517,Rozella_Denesik49,Cora39@hotmail.com,nhcwJ2tX5flf6FI,13076
518,Jeremy54,Sibyl16@hotmail.com,9HtvFXIm586IXsG,38384
519,Kade.Gorczany37,Wilburn94@gmail.com,h1DeVUH8Da1IeVN,83075
520,Wilburn67,Ali38@yahoo.com,fQQ6v0IyIt8U8aC,41217-9172
521,Al_Rau,Wanda74@hotmail.com,Zrqvi4F0EkuF2e1,51000
522,Katherine.Strosin51,Isadore7@yahoo.com,aTRV3po2XqHc358,86620
523,Lucious_Towne46,Payton_Doyle88@gmail.com,lyIfCTFwE_d09tl,02848
524,Trent.Roob,Erling.Little37@hotmail.com,SszdZOV_nDBn91G,68107
525,Amanda_Ritchie85,Elvis.Marvin@hotmail.com,wVJl6Om3iS4mkSZ,30309-5888
526,Belle27,Maye27@gmail.com,10FJZPlAJ5BT3UC,08733
527,Felicity26,Korbin_Murphy@hotmail.com,Fb_q7exWVmOcU5n,03212-8964
528,Curtis.Corkery,Sam_Ward26@gmail.com,X0iqb9oUytrAyXx,21335-9073
529,Carlos96,Filomena.Breitenberg@hotmail.com,jU3xsQOi8fva2b5,52519
530,America.Littel,Reyes.Zieme25@hotmail.com,ksxUsnioZ0p9wDc,25324-1700
531,Sophia_Jerde,Josianne.Hand99@yahoo.com,Gk0Zftgli28fLIb,03445
532,Koby_Kassulke,Rusty.Farrell@gmail.com,v3FUElLAoG1YjvW,69981
533,Sandy_Bashirian8,Emelie_Hand69@yahoo.com,IXb0DoOl_PO_8j5,07415
534,Nasir72,Aniya70@yahoo.com,8btXeRLmZCTIjCb,62273
535,Olin.Breitenberg,Chadd_Gerhold71@hotmail.com,vqdTQ_emplIeH2R,96525-4883
536,Samanta.Leannon,Nikki.Smitham@gmail.com,7vLGoyhYmMQsPCF,70966
537,Annabell57,Ryley72@hotmail.com,SwupZnF4V_YKZOn,02777-1336
538,Walton_Gerhold,Toni.Treutel65@yahoo.com,uzyWqQRJ9EIQbrV,64028
539,Nels_Kling,Luna_Schiller@gmail.com,qRzrjQCZjMIVkZQ,79158
540,Rosanna.Leuschke,Celestine.Witting@yahoo.com,pQ8W9IH3qgoaRfc,49362
541,Millie_Langosh,Eldridge.Bogan15@hotmail.com,efz084pCedbu1ij,10596
542,King_Leannon25,Domenica.Ward13@gmail.com,gAcHMUkxPPpppIi,30101
543,Gordon.Murazik,Michele61@yahoo.com,MoiY9Uc3B5kGDIa,19059
544,Ignatius.Boyer9,Laurence.Hahn51@gmail.com,tJeQv31hyqMbpDY,60054
545,Victor.Ruecker1,Providenci.Ernser52@yahoo.com,3cSICN2IWtwaM_I,29375-0830
546,Napoleon69,Joshua35@hotmail.com,sLQneobR7C1y_2U,01592
547,Giovani_Murphy,Joesph.Rice@gmail.com,chyYxgyJyXr2lGK,33229-9431
548,Wilson_Veum,Rasheed.Reynolds24@yahoo.com,Ul7v2Lw2DNXEHdq,70299
549,Coleman_Corkery,Jerrod_Moore@hotmail.com,80bM0mtdz4M_Gao,54241-6574
550,Jaqueline_Pfeffer,Itzel_Prosacco79@gmail.com,DwL_ZW8lvEyg_L1,03893
551,Adriana.Dietrich30,Abe.Jones74@gmail.com,fOvJ0QdJNJclVb7,77409
552,Alessandra43,Lewis.Bartoletti85@gmail.com,3W42iFFhoKpo8DW,98082-2758
553,Randi63,Davin_Stroman28@yahoo.com,V44Kx52wU9PE0NX,65304
554,Anderson.Runte28,Pascale19@yahoo.com,QsrzTYad9KOMpZp,61511-2592
555,Elissa66,Frederic_Schuster@gmail.com,OruXVxsdTgGwdf6,42713
556,Adrain_Orn,Xavier66@yahoo.com,EPVQ3cLrluBYwGD,24068-9358
557,Camron.Ritchie,Linnea21@hotmail.com,NPmt2PNwyxFM0oQ,69221-6762
558,Yvonne.Conroy80,Emmitt_Corkery@yahoo.com,yHeeFNPhxu1d5Gq,57769-7686
559,Henri_Terry,Norma14@gmail.com,skLZAXt_tK1Pj1J,51304-6710
560,Cole64,Cornell_Collins69@hotmail.com,FAzrZ4r5jz67gKj,07569-7296
561,Genoveva69,Brad.Bauch@yahoo.com,cmK_1vuA8xqkOv3,41561
562,Alexis40,Judge.Botsford@gmail.com,0_e_bJFWbLo2XQN,89260-8601
563,Arden.Stark17,Devin_Bednar72@gmail.com,tbH1UCLKIeZ8gqi,39260
564,Shaylee_Johnston,Magali3@yahoo.com,AGUHM7h8ZAIr1lU,04849-8631
565,Gennaro.Halvorson31,Cassie.Borer@hotmail.com,e6bT_epLRtby0oG,61264-3589
566,Grant_Dach,Torrey11@gmail.com,D6yJQGz2TOccpFE,35610-7670
567,Henry.Ruecker70,Malachi85@yahoo.com,94U49bkc23p58Qb,00455
568,Carlo.Kulas,Jamal36@hotmail.com,vArmmFV7yl0m_X4,43382
569,Arnulfo97,Favian39@hotmail.com,7aOBcgqpY39BHML,21269-1323
570,Declan.Wolf80,Raleigh_Haley@yahoo.com,bn_nMWvXi4oLZG1,67882-9092
571,Jaiden62,Dallas13@hotmail.com,GrWqIJQuCVN8b94,82197-5226
572,Carson_Wehner,Payton.Huel95@yahoo.com,NEFFyjVnHInJMHu,68534
573,Jenifer_Lowe46,Abdul.Gerlach@hotmail.com,G0uUC3WgEOomsLT,35938-6934
574,Kenneth.Schuppe,Jessie62@yahoo.com,_HONigSYAQlHA59,81332-6086
575,Telly.Emmerich44,Vincenzo.Lehner@gmail.com,n91ZqXpX_yNKbEt,07716-3461
576,Marcellus.Roberts28,Magnus.Friesen@gmail.com,g1B8LDUts0O2huw,34365-9879
577,Eryn37,Gardner_Ondricka35@hotmail.com,pFKGec0akkoAqY9,98340-8886
578,Maureen.Moen31,Ara36@yahoo.com,ekCUyWyo_elaYoP,17149-6718
579,Joanne64,Nova.Monahan92@gmail.com,NqE1nn_xwnkMczF,08965
580,Dalton_Hickle95,Cloyd_Bruen5@yahoo.com,mhPennXYgSkitlR,80613
581,Hilbert.Bins,Leda.Yost84@yahoo.com,Ro9G_WLJ3BpDdSB,40374-7651
582,Mac.Reichert13,Aleen_Wuckert@hotmail.com,DnvRqebGhJlFgxV,21296-3878
583,Micaela.McKenzie,German81@gmail.com,HZmhTywxFYrx359,74366-0211
584,Rudy_Walter,Keyshawn_Cummerata@hotmail.com,kbeO8Zwq3rgj4QF,45607
585,Fredy.Leuschke52,Bria_Kuhic57@hotmail.com,MUC9S1i68PWF0Lg,85684-5899
586,Mallory_Batz,Jaime7@yahoo.com,0VEy9hdXkLQ2c9F,08849-0649
587,Torrey.Heller,Anna_Connelly@yahoo.com,HtxBaRvvL3Rd1Tj,00671
588,Florine93,Jazmyne_Borer77@yahoo.com,4Ar2QdiXGmqIvrV,00156-0066
589,Opal_Stokes50,Karelle8@hotmail.com,aoFoi82AYW7qyEN,72347-7063
590,Golda.Jerde,Lawson_Jaskolski11@gmail.com,NJRmIwrPaLohxif,08385
591,Keanu20,Cheyenne35@yahoo.com,9hycdPcM2yePnL4,29199
592,Marguerite96,Avis19@yahoo.com,1EOBVZgqZndnMxN,21764-8337
593,Pierce36,Nyasia_Hodkiewicz24@gmail.com,gejl91XoZMyUgTA,98350-6008
594,Dillon_Yost45,Kiel_West@yahoo.com,wwApfjEGCdrPEx5,34078-8793
595,Clinton.Watsica64,Phoebe15@hotmail.com,m88pkVfwxs1Gz72,43301-9326
596,Aida_Luettgen46,Ludwig_Wehner@hotmail.com,UjbMXipLp_baj3U,45045
597,Ramiro36,Tessie_Leffler56@yahoo.com,On6E3KD50Rc_R25,24473-5459
598,Cleve76,Rosemary.Runolfsson@yahoo.com,CdbtbWXwpad9W3w,67453
599,Kaci.Mayer45,Hershel.Smith48@gmail.com,8MVFFhTy857hYlP,14771-7794
600,Ted.Trantow94,Scot97@hotmail.com,o_NWxN_crLg5Nim,10629-9829
601,Antoinette_Reilly21,Lavern_Upton@hotmail.com,NwX_MiwUouT7sZ7,57876-4004
602,Ernie.Ankunding81,Jessy28@gmail.com,EpI708S1QBYDGD7,28628
603,Kayleigh84,Arvilla46@hotmail.com,T8FdJAtVopcDZwG,36386-3541
604,Johanna_Dicki,Sigmund_Considine4@gmail.com,4KkXiMSTEftFAsR,96550
605,Caleb.Pollich36,Arielle_Russel@yahoo.com,b1Yo9yBGu79lHUb,96105
606,Mia.Klocko,Jedidiah_Connelly@hotmail.com,r1maMbQR8rE7sIL,47979-3038
607,Casey_Grant,Ariane.Reinger67@gmail.com,SztoN5UCYcE00Yc,20929
608,Myra59,Danielle.Torphy53@hotmail.com,KOIWteqY_0NoorT,13817-8789
609,Bert.Runolfsson47,Lionel.Upton@yahoo.com,evCRG34dhmtRGxn,50552-1028
610,Marianna.Hansen1,Bethel22@hotmail.com,nkDgNYcYr5Htghd,08929
611,Izabella68,Shyann.Wilderman@hotmail.com,X6HbtGnLbE1_Irx,91651-7328
612,Adolf32,Estevan42@hotmail.com,eN0c7veV2t2cdtc,86805-1566
613,Wilma_Sawayn32,Jaquan_Gislason38@yahoo.com,linGtwY5d54MdES,75970-0400
614,Virgil85,Flavie94@gmail.com,pVMPKQauh8e2c6d,91410
615,Jayda68,Anne59@hotmail.com,z0KJQOHFuw4pLV1,43019
616,Dandre98,Geo17@hotmail.com,D1gaxCTdIZ04Ah0,59652
617,Ramon.Gulgowski,Madison_Ernser13@gmail.com,HLly6TGTJD8vilR,51527-3721
618,Sadye63,Herminia94@hotmail.com,q9RSlNJiadFbmRe,75590
619,Kaci89,Tyler_Blanda48@gmail.com,2Y_Jd9mVzqvbuAS,70465
620,Augustine_OHara,Sage53@hotmail.com,NAhUkOt2rRY8YGA,21872-5593
621,Gunner_Collins,Liza_Schroeder55@yahoo.com,AjLypKZB_7Lpn8H,40717-3156
622,Lindsay34,Ally.Marquardt@gmail.com,lNHfpbDhUe8EqSB,20176
623,Kyleigh.Heaney61,Joey_King@yahoo.com,aMbw0O_qKYAFtJk,79395-5620
624,Imogene34,Dorthy.Goodwin@hotmail.com,MlqopbqDQTBoSap,11699-5722
625,Loma.Goyette9,Melany.Adams@yahoo.com,cxYf04lj95vXlvN,19072
626,Orlando_Jast,Mose_Nikolaus@yahoo.com,dI8lBCa37kT7OGQ,35756
627,Cornelius.Schaden,Dylan87@yahoo.com,bouZwSsbgqesvi9,08829-9055
628,Monique.Ledner,Kolby87@hotmail.com,32WdUAFpHw9GYWt,34573-2453
629,Tressa_Reichert16,Hobart_Greenfelder28@yahoo.com,XjbxnfcgBRunQ9p,61480
630,Roberta_Glover,Kamren_Ritchie41@gmail.com,phwm2ZyNvz6zySe,41507
631,Keegan_Leffler,Maryjane.Schaefer@hotmail.com,qRiAoABZwlCzTKj,08504
632,Bryon58,Ansel56@yahoo.com,ZGlaImJbdDyARB4,65621
633,Carmella.Medhurst,Amina.Cronin@gmail.com,yB2PaHKnRVaGQ9k,05634
634,Armani_OReilly2,Jules.Doyle21@yahoo.com,BGVE65SbihGfKSs,09429-5694
635,Erin.Adams78,Aurore89@gmail.com,XBVNXazXXcZ5o9k,74185
636,Hassie_Jerde82,Nasir.Gusikowski26@gmail.com,UwnAW5pUkyLtNgr,49707-6747
637,Gladyce63,Hilda22@gmail.com,kC_qvKyZ0qBCrr4,22274
638,Dedrick.Altenwerth82,Marilyne_Rodriguez@yahoo.com,9tk4vONn06D6UkN,85480
639,General.Dare46,Saul19@yahoo.com,SG0m7M0cHwazTbz,50238
640,Lilyan22,Gerald.Metz93@hotmail.com,J2D0YIJhb3CeOlV,02560-8146
641,Hermina17,Ottis77@gmail.com,Zgtx6VypXpbFv3l,61700
642,Greyson.Bernhard14,Marquise7@yahoo.com,7jKmQj9v6yJze9e,27324-1833
643,Karelle.Mante60,Velda_Block51@hotmail.com,BdOqD4ijcG1IAtJ,69749-9698
644,Marcel.Mueller,Marlen_Prosacco@yahoo.com,CgLqGQGjkB0n0Js,40951
645,Kendall66,Gerardo_Wiegand95@gmail.com,neJenfvF4OEuxue,33832-1948
646,Rasheed.Kohler48,Sabryna.Goodwin43@hotmail.com,mmRO27zvXSH5nRZ,61448
647,Jodie_Hackett,Nigel65@hotmail.com,JNycB3wMTJUo_9k,62356
648,Nathanael92,Virgie_Cronin37@hotmail.com,IKG0FJ0l2GMLucV,90223
649,Cora10,Torey54@gmail.com,jAFmgrIIiWK08NE,97800
650,Ari97,Gust93@hotmail.com,of6IH0r0SLEmbZr,76353
651,Jazmyn.Dibbert,Salvatore_White@gmail.com,Nd3EIoXBIzydXIu,58811
652,Hilma74,Retta74@hotmail.com,NuDF8nkm91pzKYc,18255-2599
653,Floy30,Ross_Berge77@yahoo.com,byjSs7qYg6VFC2w,91719
654,Annabell.Mayer,Ari.Rice@gmail.com,K8WPpiMnXqLY0R1,86051-0815
655,Justen_Ondricka20,Stuart.Rath@hotmail.com,DdKgtJZffwEQc3g,40601
656,Octavia_Harvey29,Jarrell25@yahoo.com,qHy3sis3UFEi8t6,21651-9654
657,Cali_Jakubowski21,Jules97@hotmail.com,sK7lVT_KpMcYI4k,92638-5061
658,Nasir39,Korbin.Koss@gmail.com,RUt6gyjc163_g3P,31460-6592
659,Monica.Crooks37,Sherwood_Grimes@gmail.com,wyZqc0pR2qORNo8,58772-9798
660,Macy68,Oliver76@yahoo.com,_XAgfuLZmYfEtlm,37356
661,Hobart.Boyer,Clemmie_Ruecker@yahoo.com,8HHGplgf6bAlm1r,31457-5291
662,Dorcas.Daugherty,Reta_Willms42@gmail.com,PfLZmRQg9a57Gqm,51523-3531
663,Samara.Jenkins,Jaquelin.Donnelly97@gmail.com,a7N6wUyg6PHp5as,98735-9633
664,Nestor_Hane,Margarete_Balistreri2@gmail.com,OOi24EAOniv19H0,71530
665,Emmalee.Stamm,Hermann_Kassulke@hotmail.com,LtFTW4ePA1Irdnr,05416-2589
666,Raphaelle79,Ludwig.Torphy@gmail.com,01EH6f0SM04PDJj,26072
667,Nakia72,Hilton_Sanford68@hotmail.com,7_8DlOe7YcL3I1f,42757
668,Melba.Schimmel58,Katharina58@hotmail.com,lwwUo6NXZ6oJYjF,06298
669,Judd.Lueilwitz,Aaron.Wyman@hotmail.com,7N6dUNJAt3xNvu9,25158-4059
670,Gavin64,Lavonne75@hotmail.com,bAiaA0owY5QRCBa,28975-0764
671,Brigitte_Boyle,Fritz0@yahoo.com,IPej2pZnOtxacft,39734-9334
672,Cathryn.Bartoletti,Jaden.Cummerata@yahoo.com,t9vOfyixWPVAJYe,20662
673,Kylee_Turcotte,Chandler22@yahoo.com,ZO6pGCpZ5UTPtEc,31969-1487
674,Asia_Breitenberg,Nelle.Bradtke@gmail.com,FlngfcMImosRFRK,46667
675,Raymundo.Kris,Lelah_Wuckert39@yahoo.com,WwGp60mnAYGnEOO,67179
676,Jessica_Carter,Lindsey_Larson40@hotmail.com,nBRQdpTU1wHlqEM,47490-0621
677,Rowan.Stanton,Maxwell88@gmail.com,ZOkWxA7KBZCofih,17829
678,Meta61,Perry.Bogan20@yahoo.com,l7przbuvamrIeJI,53084
679,Bella32,Juliet.Haag14@yahoo.com,tT06tWtshl8oE9a,44163-0396
680,Oran86,Quinton44@yahoo.com,4Lk_hssaFDC5rhj,19792-4182
681,Euna_Schulist0,Maybell.Reichel89@hotmail.com,s6VEfDryGwR1DOP,75975
682,Dannie_Berge,Favian_Borer@yahoo.com,RFI_vFuBdwstYjg,27912-4844
683,Gay_Orn86,Jordan_Harvey34@hotmail.com,PUhDAwleumoSvz0,68390
684,Unique.Koss,Judge61@hotmail.com,RKucd5tWBGybHDv,99120
685,Lela_Ritchie56,Zoe.Cartwright@hotmail.com,U0ALFzxUdSYv2ky,90399-3044
686,Adah_Steuber,Sophie0@gmail.com,LfHG1mbaItXuyF3,21090
687,Kaela20,Laura_Kling@hotmail.com,EJU9lBpgkx1xklQ,52375
688,Jerad_Lowe,Dameon.Parker@hotmail.com,Ll6_c57njeTyDqh,22982
689,Andrew60,Olga_Ferry12@yahoo.com,MWJCpHepqD2aS3b,51595-3942
690,Norene_Howe,Clemens.Gleichner@yahoo.com,4QFHlleZTS4ozuQ,64754
691,Geo84,Rosalind2@hotmail.com,kQz53Cc3ATFyU5Q,68955
692,Justus97,Nicolas36@hotmail.com,OLTjq_P6d76bJ2g,02205-9514
693,Orin.Botsford25,Alberta14@yahoo.com,QsELAblu2CRNbTd,77649
694,Elmore9,Antoinette.Kozey44@gmail.com,1dSNZGT7JF4HKhq,65539
695,Caitlyn_Johnson,Connor.Dicki97@gmail.com,vuum6eLi6TDOdO1,49591-3487
696,Winona.Schmidt8,Jacynthe.Hills@gmail.com,oFG8VOTWRkdyedD,04095
697,Taylor_Kilback,Cleo_Kris83@gmail.com,dVD4ggWoRKLYNxf,69957
698,Ana_DAmore79,Leanne14@gmail.com,yaMziquieeW0ySm,64551-4194
699,Myrtis_Kuphal,Anastasia.Bauch40@gmail.com,SysRTEG2OY_RtUj,31074
700,Mason78,Jakayla.Crist93@yahoo.com,ZAViwgh8HEf6SVm,20933-4780
701,Dorris_Konopelski,Dean_Hagenes91@yahoo.com,ezDrkwEaFaGm6Rv,35411
702,Tobin.Huel,Karianne60@gmail.com,N3ap7ZkhYutL4PU,70857
703,Zoey42,Scotty41@yahoo.com,04_OIeBNurjKJEW,60365
704,Maxie43,Henry43@yahoo.com,QwSEaPaO7F8LDxw,65188
705,Justyn_Schulist26,Esmeralda89@hotmail.com,HDrqYS9x1T02suI,12540-8596
706,Malachi9,Vidal96@gmail.com,8qP0Rju7LYpApIl,83867
707,Reinhold_Barton,Elias.Marvin46@hotmail.com,Rb4mXvvnGXI8DWX,89385
708,Caterina_Bashirian,Maximus.Sanford46@hotmail.com,Z9MgfYMRQXBYIgo,27896-7281
709,Isom_Huel51,Wilhelmine43@yahoo.com,tGKbIo5xzCZ1Iq_,22054
710,Mozell.Dickens82,Arno_Nolan@gmail.com,NnU88hxlAOrklpl,90298-7462
711,Elliot.Mitchell42,Aida.Reichert19@yahoo.com,V167aq8NXHq1QYZ,18586-0892
712,Hailie.Swaniawski,Willy.Kuphal@hotmail.com,ObjkAEG1scq4o81,55778
713,Aglae85,Lenore53@yahoo.com,ss8nb8qc_02fiC5,48367-8838
714,Russell.Durgan,Antonina.Murray@hotmail.com,PxaK9YJ1JT9XmHZ,31690-7773
715,Jammie_Harber,Berniece.Oberbrunner85@yahoo.com,GczKOFywDTVZaKi,89959-3777
716,Baby.OConnell62,Leila88@gmail.com,qN4zfrvxr_mN82D,83379-2890
717,June.Lemke,Tad62@gmail.com,Y1pGySes4oORrlg,58427-0625
718,Aisha.Wolf,Louisa_Schaefer@hotmail.com,wEcdezzULwDD8b2,75341-6125
719,Kristoffer.Kunze24,Roger40@yahoo.com,tJRikciroBP07VP,37667
720,Kaycee83,Gregorio_Gorczany@gmail.com,y23GIo1GMzain7Q,91242
721,Jedediah36,Orville_Hirthe@yahoo.com,UhAP126ApUo47_t,73361
722,Rodolfo.Bernhard65,Candice.Lueilwitz9@hotmail.com,vYkCzbTubLS0gGt,11317
723,Otho53,Rupert_Batz@gmail.com,Egu3knpU9ccTQQc,02646-7467
724,Suzanne.Hoeger,Lavonne48@gmail.com,vipcc2n3BwSWIQm,47874-3647
725,Hoyt_Muller,Selena_Bartoletti87@yahoo.com,XcHvl1rbk0eQm3Q,92256-2855
726,Skyla40,Bertha_Connelly31@gmail.com,R3SDw7JXyS0v37k,28081
727,Vince.Turner22,Christa.Lemke@hotmail.com,fxzFHQPrmphHC7h,43126
728,Sid.Luettgen,Troy_Berge18@gmail.com,pF5vD14U3zQsps1,84339-4945
729,Orland.Stark24,Elmira27@gmail.com,FvJJWlATTar1fHa,67484
730,Mireya6,Damion_Haag@gmail.com,lyoMWLq4WKub7MK,74658-3750
731,Brayan57,Kirstin.Blanda@hotmail.com,j6R66QOBYd3G7Hp,24863
732,Alessia_Johnston28,Elijah.Smitham@yahoo.com,oVNQT0DjZwrPAUJ,56254
733,Lester_Lehner51,Leonie_Mosciski@gmail.com,A8TPy4rVAkW36g8,37540
734,Alysa96,Elwin41@gmail.com,zkbnOzj0n7TO5RT,83356-2180
735,Monroe.McLaughlin23,Lucio13@hotmail.com,wzqOM8UyMJPi8D1,96196
736,Aidan_Dare22,Crystal.Senger6@gmail.com,Jf8LPWV73a7Z2_o,93526-5057
737,Leonel_Rodriguez,Adah59@gmail.com,6qKwGpm36kQE4fa,02502
738,Florian14,Theron_Beahan89@yahoo.com,5Qy03S0_ZLuXhw8,11178
739,Curt_Johnson,Roosevelt.Shields8@gmail.com,UUx8EFVjYtJ7B3B,57460-4268
740,Gage_Hayes13,Myrna30@hotmail.com,8i9qEHq33hB9ktr,72903-1883
741,Zane_Morar77,Jasper_Gaylord51@gmail.com,HYRrxY4KNdtMq9G,78565
742,Hadley.Predovic71,Magnus16@hotmail.com,3xG6HU2PZMw6WLT,28494
743,Curt_Marks52,Darlene_Rath@hotmail.com,wFC_428VjNFxCef,34439
744,Vella.Turner67,Miracle_Mitchell74@yahoo.com,v19ebfTr6IkHvof,07544-0981
745,Kaia.Gutkowski,Doris.Paucek@gmail.com,9IALHkJDNbBqBL9,28461
746,Terence_Muller,Kevon71@gmail.com,wfXkqlMH2HT8Yo1,31778-8387
747,Eliseo.Larkin,Humberto16@hotmail.com,l57HvVJHb61wFiv,56618
748,Conner.King18,Clark75@gmail.com,AX__dtHGaPag9d3,08172-0467
749,Gino50,Shany.Kilback@gmail.com,3gSun9D3dlG0ZMD,12023-8598
750,Murl.Satterfield,Willie24@yahoo.com,uPZGhsVWNw9UmbB,23067-6873
751,Alexandre.Bahringer,Lila73@hotmail.com,yAWWe9Y88iMNVbo,54285
752,Prince.Graham7,Donald7@hotmail.com,_xb393K3Osv247J,88445-5426
753,Dorothy35,Reynold.Stroman@yahoo.com,koLqLfw7XTEC7zl,02622-1888
754,Cordia.Windler,Keshaun.Effertz60@hotmail.com,phndwevQuBI4j8Q,72090
755,Rylee_Feil,Caden.Gleichner18@hotmail.com,ZA_8pGqujiZAHdc,04589
756,Ezekiel61,Lurline.Murray@hotmail.com,n4RtRbSACHRcSqp,58623
757,Cleora35,Prince15@yahoo.com,LE0KUzMOC24rF10,35886
758,Koby70,Hayley_Hahn@hotmail.com,J3bIojNckGsJ3h3,93972-7141
759,Maryjane.Johnston,Emilio25@yahoo.com,i_htw6eOafsNgKZ,50841
760,Tito.Huel,Ubaldo92@hotmail.com,189Ww_Afx_BGHk_,63047-3989
761,Verla68,Whitney.Spinka@gmail.com,xvt3jgmOnqL2bW_,23005-1673
762,Hipolito_Beatty43,Kayden56@gmail.com,00Z4F6zEQiob4zf,10926-0450
763,Callie35,Jamil_Buckridge48@gmail.com,yRZVmBuXwH16uV_,96239-0988
764,Harrison11,Elinore_Macejkovic60@hotmail.com,p4TMecyKJMwIlsa,08757-6351
765,Baby.Goodwin99,Shanie_Morar93@gmail.com,3LgidXz5Liqu1fp,06123-3087
766,Kiel36,Elsa.Schaefer60@hotmail.com,Iax3G6AVoxvSUTa,13318-0499
767,Abdullah.Deckow,Clement51@hotmail.com,EYUo2s2QUo7iTVO,46848-3103
768,Domenica66,Ally.Stamm19@hotmail.com,gsS9XbHPdgMgrek,85026
769,Sabrina.Lindgren44,Estrella.Murphy@yahoo.com,uxr1R1JUnzDyss2,50094-1988
770,Connor28,Gilberto31@yahoo.com,NdkNesNBLIF6Y2E,28224-8110
771,Sidney.Kuhn23,Heather59@hotmail.com,QQgSSEwvO0sZdeq,66006-8905
772,Stefanie_Volkman,Granville_Padberg45@hotmail.com,Yg2wqpEOkzmNBOc,23286
773,Kyle.Nolan,Marianne_Kohler92@hotmail.com,71o0IkRkX8M_TBQ,18418
774,Lenny_Schmeler46,Raleigh.Beatty@yahoo.com,6OX4w_HSnsk3SEH,40511
775,Ewald.Ward24,Enoch.Padberg@yahoo.com,h56_IaTwQ4bm2ZZ,40430-4542
776,Vaughn56,Bradford.Gibson50@gmail.com,_snnU_TZ_RjVpF2,60576
777,Leann_Hartmann,Lucy_Osinski30@hotmail.com,t8HFMyfLn93SOIF,03085
778,Ryleigh_Koch,Jacquelyn_Prosacco@yahoo.com,QfntsLOpug1iWti,13224
779,Tiffany.Heidenreich,Kamryn.Mohr@hotmail.com,YSD59HhcCskhEVk,14293
780,Coty27,Alex_Gorczany@hotmail.com,sarTL0Z29MB7iCe,37371-4557
781,London48,Magdalen.Considine@gmail.com,nlskpH5tXep9aGJ,66712
782,Halie.Harber,Hildegard15@yahoo.com,c4GAYyNebvGL3kc,07592
783,Brigitte73,Parker_Zboncak92@gmail.com,La0epYgIblMIg17,61142
784,Merritt38,Demond_Bergstrom@hotmail.com,oBCg_nDOX9eOm_w,39834
785,Joaquin_Carroll,Jerrell13@hotmail.com,SbfEAo2k_SUTF5W,35104-2360
786,Una.Mitchell,Ramiro_Hansen@yahoo.com,mKxhJLOeQf2nket,47409
787,Cleo83,Karlee.Blick78@hotmail.com,juYJfnu4k6Ftrtl,75309
788,Leonard95,Emery.Bins@yahoo.com,iyNMWeCd2_w6PJ_,97318
789,Dayne90,Jaida.Kunze98@yahoo.com,V9keMGEVdpUy9w3,66065
790,Janice98,Rosario_Hane35@gmail.com,JtNeQznIHR5A3Kd,04042
791,Josiane.Steuber68,Karlie_Wolff@hotmail.com,2JhjusWAIfFDvg1,21905
792,Richard.Hickle,Arne.Smith@hotmail.com,llLW68cf7cVlGSN,57125
793,Kirk.Gorczany51,Hermann_Bechtelar53@gmail.com,HGL4nSJMOiAgl8U,40372-5268
794,June30,Yazmin80@gmail.com,TwZFsskVuuM3pzH,70988
795,Rex6,Shyanne.Kozey79@gmail.com,_sTlv05mbT21SVf,99111-6175
796,Brielle97,Geovanni_Hodkiewicz48@hotmail.com,xMobcmK6t7PsD8U,32664-6272
797,Bridget.Purdy,Pearline.Renner@gmail.com,ZPXwZbxgMIPAZ_2,71902
798,Vaughn.Kutch,Edgar53@hotmail.com,Ug6A94Vh7aIctlq,03175-0341
799,Janet_Crooks,Lorenzo.Conroy@gmail.com,sP9HICZ4k2jGiNK,97661-6521
800,Keith87,Akeem.Predovic@gmail.com,5ztL_mQx7VokAAx,23629-4299
801,Vidal70,Danyka75@gmail.com,Pepb9cNmFytuT4m,44088
802,Xzavier32,Steve32@hotmail.com,xK2MEqkg5UkJog3,91840-0364
803,Julianne_Smith,Viva3@hotmail.com,l2aWZkSUNwXK1Px,15773-6894
804,Cara.Zemlak70,Anjali.Mayert2@yahoo.com,emjmzffsjnrQK4T,75496-0223
805,Abby_Cole,Rey90@hotmail.com,JtN9dhxwW45lvgb,56912
806,Randal.Sanford79,Emie.Kertzmann@hotmail.com,7E2m8XmjSg7r7t3,46700-3745
807,Tyrique.Bartell,Kristofer94@yahoo.com,gerfhuGhtMZf7xM,95410
808,Samantha.Green9,Clovis89@yahoo.com,s_Jam_jdlKYVTkR,80653-5391
809,Elisha56,Kraig73@gmail.com,RNkFfsDBsnxr3DF,85423-6279
810,Malinda22,Cheyanne71@yahoo.com,iFZxecc1_om7ucY,99591-5455
811,Jonathan.Becker50,Abelardo_Koepp@yahoo.com,oKDoNcsj1Ky_4my,50399-8651
812,April.Kulas,Rosalee83@yahoo.com,RhKFO0HBrLDZIaG,88374
813,Iva_Swaniawski,Elza.Little18@yahoo.com,odscnLJWGEuzcMQ,21802-1043
814,Caterina74,Dale42@hotmail.com,vzWbfimMfxhb_FF,05849
815,Tyshawn_Tillman78,Sunny_Pfannerstill21@yahoo.com,nwUv46HzTB3L34U,84258
816,Dorothea.McClure,Kiley_Lindgren48@yahoo.com,lHB0UI05pHPygAE,32452
817,Evalyn6,Miller_Moen@gmail.com,RiD9XmT8Rt6kTm3,46847-3001
818,Verna54,Antonetta_Lehner82@yahoo.com,N_HKj62_a17jlsi,65808-5477
819,Lottie71,Kameron96@hotmail.com,XqoAtIu8LUdhZUU,04628
820,Ettie.Hand78,Eriberto20@yahoo.com,KKsU0pxZwo_hdFh,72626
821,Amie25,Kaya_Maggio@hotmail.com,5LyrB5PakcXT60i,22648
822,Wyman90,Finn_Rutherford62@gmail.com,gqoHNgr38IcdmyF,11056
823,Clarissa40,Macie.OKeefe32@hotmail.com,et6ZO7mL9bCcrKg,18989
824,Khalid_Moen,Harold_Watsica@hotmail.com,6tuTRA_AkPBGPlX,64147
825,Levi39,Jovanny93@hotmail.com,7FKrXmKM8JMVbgW,59234-2407
826,Eulalia_Shanahan38,Bobby.OConnell@yahoo.com,H4gRywEJ0NBAJlO,23439
827,Rasheed.Nader,Katrina.Bechtelar@hotmail.com,ObK6vfu7cyLLUah,98207
828,Bennie.Simonis65,Norene_Kunze48@yahoo.com,YGetpDAD_yjWwur,39232-2487
829,Angeline.Zemlak14,Stanton69@gmail.com,RqnmcNpQFGYD9Se,55488-0646
830,Yoshiko74,Albert_Heller56@gmail.com,iWFldnIfy3kq6Ck,55567-1281
831,Frank90,Mariela_Rohan@gmail.com,RZv9pPNPMZ5Ifz7,75888
832,Aracely_Schroeder33,Heber.Hand56@yahoo.com,4yil2K8km0BPmP7,61756-1105
833,Eula_Herman93,Eva_Schmitt@gmail.com,SiEJlGrhFCu50Xs,06365-2131
834,Brock.Deckow,Bret59@hotmail.com,Rjrz7AcBmlK3f4M,98368
835,Aletha.Thompson,Domenico_Hahn@hotmail.com,PBLxaMtpWmKhurL,53977-0927
836,Kayla_Nader,Keven22@yahoo.com,JXFMBN_8zXeHnSp,47773-9572
837,Florence22,Beau_Mante@gmail.com,X7OOSFAWCTY4POG,03811
838,Lina10,Osborne20@gmail.com,eD_d3Y4qRCENU4X,90687
839,Abdul14,Cordia0@hotmail.com,ia4hTdyD78tv1Nd,13309-8224
840,Lenora.Littel94,Matilda_Barton@yahoo.com,Rob6QgonUMmOVaG,24662
841,Geovany.Johnston,Noe_Romaguera85@yahoo.com,hVL7Gm26WJ135A7,01704-7380
842,Esperanza83,Telly.Ortiz68@gmail.com,GmAIkBbVRQ5LMW7,54551-0891
843,Antonia_Barton,Newton_OHara@yahoo.com,OCzrPrMp1_N8DwT,85176-2676
844,Karen.Schowalter,Eulah_Hudson59@gmail.com,5dsa_d5X2ToVCZ_,26016
845,Annalise93,Shanon_Powlowski60@gmail.com,9NHxm99H3naSEZb,76435
846,Nikita_Fritsch59,Lila_Walter@hotmail.com,nueV2ARLdCUWFpR,86194
847,Duncan.Durgan13,Fiona_King35@gmail.com,YnORYqUH7DNjRAe,18426-5543
848,Malachi.Nikolaus3,Rozella2@yahoo.com,GrUqSLngxWm0FPt,75081-3069
849,Lorine.Nitzsche,Alayna37@gmail.com,AplvwPyYb9BLBys,80588
850,Merritt31,Maxwell.Haley@yahoo.com,8e6nTQ79qF_DmHj,72160
851,Graciela_Hagenes,Mina53@gmail.com,rpH4PAt6SqEymHY,34848-4885
852,Aida.Carroll35,Rogelio_Hayes98@yahoo.com,cxKQnYa93BnAPuN,03541-7246
853,Nelson_Nolan8,Theresa_Bergnaum@yahoo.com,fPqQaFi_pRXGJlx,91804-0599
854,Martin.Cartwright78,Beau_Daugherty@yahoo.com,wQ283a_StKTKryq,80329
855,Sydnee72,Aileen.Mueller@hotmail.com,GUrqUVzgCNIrWWc,43454
856,Andrew_Williamson,Donavon9@gmail.com,HxmxpVW6dtp78uA,29147-4445
857,Dora.Smitham62,Jalen.Pfannerstill94@yahoo.com,rJ8qMM_mAdDCSiD,70067-5407
858,Cheyanne.Murphy81,Lavinia71@gmail.com,EzUZqXSqgxGTzki,73364
859,Brent30,Jay.Hammes53@hotmail.com,WI8ekNLUl3dW8JI,71386
860,Israel82,Rupert29@yahoo.com,cnv3sXE3Bw3SdeD,71420-9577
861,Luisa.Legros,Hazle_Greenfelder@yahoo.com,tmOhloYLTrfn6o3,02701-7063
862,Thea2,Aaliyah26@gmail.com,XJmQswi713JMxMo,47641-9606
863,Katelin39,Murray.Gerlach@gmail.com,26edwp6o675KL_8,36939
864,Ike_Rolfson76,Justice41@yahoo.com,YppV2IvNx6wQUaB,48481-7434
865,Malcolm_Fahey48,Willard31@yahoo.com,LXdosavsiYAk2rK,64587-2370
866,Zander_Heidenreich46,Robbie_Wiegand@gmail.com,eu_NLTlUwkIndUx,11866
867,Jett.Lehner85,Emma_Crist57@gmail.com,TS5lJ_khVAsVrC_,95914-7990
868,Amos.Hyatt76,Ansley.Bergnaum@hotmail.com,IRVFo4wRT61Lskg,24518-3584
869,Lenna_Sipes,Anjali.Leffler@hotmail.com,57id4CTJvf4Q0i6,03147
870,Vivien_Keebler55,Quinten_Buckridge49@gmail.com,6fFWiMOK1VQEt9k,85065-0600
871,Aileen89,Bailey36@gmail.com,DGrAMk1xH6Qe2ER,33562-9791
872,Thomas.Gulgowski41,Rusty_DuBuque51@gmail.com,d8sqKcbnziE38m1,99046-0228
873,Hershel11,Roosevelt2@yahoo.com,pKx969ShIcP1llS,00186
874,Camila_Lynch53,Rogelio_Keebler69@hotmail.com,xrFf9hmzHNEXY9g,92676-3142
875,Allison_Bogan,Verner88@yahoo.com,4bMNpMprAUUHRLK,41089
876,Hollis63,Dell41@hotmail.com,zTimsFWiDrzIgHT,68144-8478
877,Myrtie67,Savanah73@yahoo.com,mh84jyP3mjCT1aR,01248-5686
878,Henderson.Mohr38,Lilyan_Carroll@yahoo.com,clLPjcGYjSGDWqP,78122-6211
879,Kayla10,Casper30@yahoo.com,FiOLv6YOl02U83R,68631-3338
880,Kathryne7,Lenna_Cormier@gmail.com,aC_qhUPpxlNpIzL,36913
881,Margarette49,Bruce42@hotmail.com,0cERxKYZLf5nGXj,40231-0954
882,Ryleigh55,Trent.Senger@gmail.com,fmQbzuvaR9CZd63,59611-3796
883,Lambert.VonRueden33,Cyril_Lynch@hotmail.com,H57497A5Uc3E66A,55125-1910
884,Natasha.Rempel23,Terrence32@yahoo.com,pGKUnuS0XYN0DCn,80580-3002
885,Anabel_Waelchi,Gregoria_Lueilwitz44@yahoo.com,omofeWkW4KSUkgb,97581
886,Alda.Wolff,Dessie_Murphy92@hotmail.com,54BiB4ZvQH_4VBU,90998-8200
887,Dahlia.Schiller,Dixie.Botsford@yahoo.com,iDUZbPqACjJTeZg,05086
888,Thad.Lynch63,Willis_Pfeffer@gmail.com,7FhogVypzxLq_VQ,55883-1866
889,Jace.Wunsch,Torey40@hotmail.com,DEdulBAz2jomkY1,96541
890,Dereck_Hirthe63,Ali26@yahoo.com,mi_ire9VskCxnkj,52641-4582
891,Jaycee34,Stephania_Stehr60@yahoo.com,W71farhlXGwxK4k,79167-9602
892,Leila15,Emmie.Pollich@hotmail.com,Rey0hvt_bwD6hCe,81268-5666
893,Stephen8,Ulices.Schumm64@hotmail.com,NxuLiGwuWgHyM5f,30684-3431
894,Bobby44,Rosalyn.Pacocha@yahoo.com,I_a9xWExWcNSSnn,30793-7009
895,Don.Hudson32,Destinee_Boehm69@gmail.com,yr7jwUPPtS6ej17,19794-7668
896,Lavern_Mosciski,Stephen35@yahoo.com,CjFFzRnI8vV5ZZA,77839-9144
897,Shania36,Polly.Murazik52@yahoo.com,6br_fphjJvsRq5v,85297
898,Noel_Schmidt,Joy.Murazik30@hotmail.com,A7hSyLPusSD8xEw,99330
899,Michel.Hills4,Westley_Leuschke@hotmail.com,ZkMPwn1R6dTC5Cc,15782-9362
900,Zachariah_Renner52,Johnathon.Shields61@hotmail.com,glrcIpZUwWmzzkG,68810-8903
901,Stefanie77,Norene8@gmail.com,AFn_64hAbRHvHSR,00303-6205
902,Mara.King,Ezra_Veum32@gmail.com,6EDrGpdAHiiUCfC,34826
903,Lysanne.Little,Rusty_Tillman@yahoo.com,UYOTTxqwch8PpyG,57094-5655
904,Toy_Wilderman98,Rory47@gmail.com,WlhKT9Y7fIPyxpf,56032
905,Miller_Moore,Gregg_Mills12@hotmail.com,r1mrh5jg2Kk_KsG,22290
906,Jade.Hauck71,Travon.Roberts24@gmail.com,k5foU3DkKA2Ww_Q,28667-3073
907,Trent_Mann98,Joy46@gmail.com,dlDCM7_4l8K8lEF,34778
908,Pink.Nader,Christine.Lind@hotmail.com,RoChjMnuenEjgUe,04061-0056
909,Sabrina.Orn95,Gust.MacGyver@gmail.com,oouC4FrsvudPlcl,31404-9117
910,Adolf2,Glenna_McGlynn0@gmail.com,kq1hM95J2BU8LlU,35154
911,Kasey_Boyle77,Lesly_Oberbrunner@gmail.com,3w91ESyBDdWvMAD,99954
912,Lauretta61,Emilia.Franecki21@gmail.com,1ei_cYaqbHtbdkZ,47981-4603
913,Joany7,Weston.Dietrich@hotmail.com,EqlliJ7Q_095pWX,78788-2824
914,Rick_Ruecker48,Rocky.Langworth@hotmail.com,kzZOjOwR7_PYSFv,51542-3045
915,Elouise_Gusikowski,Tre77@yahoo.com,rTxD1NjApr1TDe2,60730
916,Leon.Kutch43,Deondre_Rogahn71@gmail.com,macvaA5sPpq17tY,63701
917,Arnoldo15,Stephany24@gmail.com,zpiWbOcX4UdwyUn,93533
918,Gaylord.Mosciski,Catherine62@hotmail.com,1Cyd7jC65AGqzSi,22232-6359
919,Muriel.Lindgren,Gust96@yahoo.com,jEjRrptpu41LB8Y,20558-0753
920,Lenore.Hermiston,Dayana75@hotmail.com,tRSBX20IASrfqSC,76471
921,Benton.Berge36,Erica8@yahoo.com,bIv4UZuoLncvQl6,01681-2813
922,Ozella.Cremin,Kay91@gmail.com,ar_05DYtPrX01CS,65335-8464
923,Aliya10,Annabel36@gmail.com,B1f6Yj0SxqfbEAC,50553-4043
924,Fred.Wisoky,Oscar.Weber@hotmail.com,r56mxrcfEudxSm2,83867-1667
925,Gerry_Ankunding67,Ralph_Dickinson78@hotmail.com,i6VkYAuJ8Ot11ST,93374
926,Jacinto_Barrows,Arnold.Grant74@hotmail.com,qvcm1phsmKKhlAc,32148
927,Vicenta.Macejkovic99,Donald_Waters@gmail.com,r5P8JXxe0E8biwv,01586
928,Geoffrey.Leannon,Preston10@gmail.com,16rDo1uFN5gE9NH,46194-8514
929,Jettie_Hettinger,Martin.Willms@yahoo.com,spqEOQ2H8S6uT4M,43955-2899
930,Rosendo.Heller46,Terrence.Cole40@yahoo.com,1jBql69mrXicWMC,23113-0361
931,Hadley_Reichert,Lempi.Runolfsdottir66@hotmail.com,9c_wIFnEwwzKZPD,40151-0841
932,Donnie.Kuhic2,Gerald_Leannon96@yahoo.com,Y5yvU9GG6fnM815,85168
933,Dayton_Bednar47,Chaim66@yahoo.com,tIQdYX7k_T5zush,25877
934,Albert.Kris4,Carey.Graham@gmail.com,1mZjpt9_9cZBxvx,27128-2718
935,Tressa_Shanahan,Bartholome.OConnell48@yahoo.com,k41yuLtpXgGVbBr,14265
936,Meda7,Rudolph_Murray@gmail.com,50ksrraOWy2hxr4,70792
937,Raphael.Frami84,Jimmy20@gmail.com,VLlOE4Q40Hlg0Hb,29275
938,Consuelo.Gulgowski,Keara59@gmail.com,LNMNcQQ753i1IDs,43659-7340
939,Ronaldo.Tromp19,Werner_Schuppe0@yahoo.com,js0BZhAMEFB4chS,00216-0345
940,Broderick.Stroman,Emmanuel6@yahoo.com,7ugytAaTKCozbvA,96384
941,Baylee3,Jerrold.Champlin89@gmail.com,ksqmJSmfU2rp0Ts,14016
942,Halle_Breitenberg12,Gayle85@yahoo.com,OJk942tCkpEIJAK,01836
943,Newton.Upton61,Tracey_Kub@yahoo.com,dq8TsMdxR_tEzYg,52491-2927
944,Nils_Rice,Angelo_Ryan@hotmail.com,Q6KdXymTfApTxjc,84895
945,Marietta_Roberts,Queenie.Dooley@yahoo.com,SEve0am1coooHhz,71640
946,Rey.Heller,Jayne.Walker72@hotmail.com,_mZgO0ywsyF0vV0,92724-5002
947,Bert.Haag,Tevin29@gmail.com,7P4ITnDBmSrrQrb,85213
948,Maximillia_Hackett36,Syble_McClure65@gmail.com,nWu91wb06lUL0Gs,01454
949,Joana_Bashirian4,Joshuah_Goldner@yahoo.com,Nxcz7J3WpTnmOns,50355-8207
950,Vicenta_Bashirian,Jarrod_Rohan21@gmail.com,v7AKHJ3ohGaUjpy,97704-9528
951,Hildegard_Sipes,Rhiannon40@yahoo.com,b95sUmxjeoti_GD,13386-0533
952,Lavern96,Michel_Kihn33@hotmail.com,bj0akFfPZvfi5Hv,47669-2140
953,Natalia.Lind81,Micah.Hudson79@gmail.com,GZfrEPym07vpyqc,18497
954,Ransom.Hettinger,Rosalind_Hackett87@yahoo.com,2MHaNE4LfsMroOb,58585
955,Mina_Strosin,Ena_Kunde@gmail.com,zYMnI6EjUXaMnoy,94038
956,Benedict.Bashirian,Kiara67@yahoo.com,hvSnkTSX2dnBS0E,09492
957,Christy.Harvey,Tremaine_Mann@yahoo.com,eOsCT4vwZOk9EP5,50290
958,Roman_Cormier14,Adrienne_Kessler55@yahoo.com,fcQ5OKzFH7iBldm,70048-7793
959,Luella.Gaylord,Marcos_Gerhold63@yahoo.com,ISB5MBhxMYsEK8o,09510-5720
960,Ludwig14,Colton_Pouros@gmail.com,rIiFRE5lKxpDjNh,15492-2853
961,Demetris_Bayer12,Arlo_Swift94@gmail.com,aMETUBbzdl8EsNU,40664
962,Nicolas_Hartmann,Anita.Hilll@yahoo.com,F8rzZONAqg4F26F,27795-9474
963,Rebecca.Huel,Tod_Jerde58@gmail.com,8h8cg70NqwL40Xa,08467
964,Ansel.Baumbach17,Otilia.OConner@hotmail.com,dYpwAtevqjRGQay,03336
965,Hudson_Kilback67,Chester_Willms@hotmail.com,AbAP9bx8L2MFLLY,92276-1611
966,Carlotta87,Beau.Glover@gmail.com,_7aK75gOXpZoVJz,31290-1179
967,Eva89,Murphy.Senger60@hotmail.com,YUcLvkB8CnfvCeG,48439
968,Hope_Russel,Javonte_Rice60@hotmail.com,a3MKsR0JFF8BpNH,26621-2046
969,Mellie43,Ilene.Harber32@hotmail.com,H9jw5516OZYJjCw,48980
970,Natalie26,Gabriella22@gmail.com,5DqwsgRZ4M7xUjp,99570
971,Wilhelmine_Huels24,Alford_Waelchi84@hotmail.com,Xyd9nDn_qafqmw0,70377-5934
972,Maryam_Muller,Daniela14@hotmail.com,gUyaj75tOrLs0Rf,74208-5131
973,Cierra.Tremblay,Daija.Dach20@hotmail.com,gCVbcyHQirWw9U9,04245-8870
974,Sharon40,Marianne81@gmail.com,c9joB2AsYg9AnzW,75360
975,Dalton_Kessler98,Edyth.Rau@yahoo.com,NuAVY7NaHjATXKM,93942-3155
976,Mellie_Johnson81,Stephanie_Steuber@yahoo.com,T7ZdQDolYKmDoxw,97466-3955
977,Fletcher11,Juvenal.Tremblay@hotmail.com,_NXOpZWZN9alrNa,11382
978,Sterling66,Callie_Bradtke93@yahoo.com,dNGBMO44Bxmd6Er,30938-9219
979,Emerald_Zemlak3,Eugenia.Roob@yahoo.com,2qYEujoOEP0TKOL,73813
980,Laurianne_Goyette,Madaline.Stokes@hotmail.com,PnZlO8tE8g4UDfw,34638
981,Richmond30,Delphine_Towne76@gmail.com,ae47vN9zSw6Q1LY,42161-4106
982,Adela.Wolf2,Devin_Leffler11@gmail.com,HDdw7h8wsGgCsjp,58361
983,Ayana.Lueilwitz91,Misael57@yahoo.com,bnE2z3se3sIwcJm,73456-5365
984,Kattie18,Ayla_Upton41@hotmail.com,bWj_3XinF4t1sdL,06434-7849
985,Omer9,Merlin_Russel36@yahoo.com,W8EL0uVl_rB7DqZ,40341-4873
986,Hilario71,Joanie_Welch@yahoo.com,Xgaiq_yNjbFkdjU,24695
987,Tristin.Dare16,Reilly_Crona@yahoo.com,_bOR6ZODpHCtiwU,37301-0040
988,Gage.Conroy24,Chauncey_Windler@yahoo.com,hnY21Bof87lGFK3,54776-0384
989,Iva76,Roxanne16@gmail.com,qtNyWpFFtOQ_KZn,41023
990,Ibrahim91,Elliot72@hotmail.com,cRZ5hkSCUMkJvCF,04282
991,Brandyn89,Junior68@gmail.com,TUMJa1g_JfbCSJ1,42377
992,Willard.Bergstrom,Paige95@yahoo.com,vNF3XjchggNAY30,86265-7452
993,Yessenia.Cole,Kathleen_Hand@gmail.com,bxDEVc79HmbXXyh,74110-8528
994,Immanuel_Ziemann,Tod.Blick36@hotmail.com,B0UEm5yArKvefYd,42763
995,Clement86,Taurean_Witting6@gmail.com,QVRcHrwGra4dKLG,65386
996,Kattie.Krajcik,Haylie20@gmail.com,G9ptvEMMH1A_Mqe,36053
997,Brandy_Mertz20,Rhea.Toy98@yahoo.com,MoUHB0ene6QgADq,33675
998,Alanna7,Charley_Schumm18@yahoo.com,OrvVXEIC5ufQK5g,84131
999,Enid.Stokes,Adrien_Hegmann94@gmail.com,aF3lefY8thT817Y,36769-7737
1000,Gianni.Krajcik,Kelton_Ziemann62@yahoo.com,P5J6GhM51hxLXWL,84135
